[
  {"src":"ground_music.mp3", "id":"bgSound"},
  {"src":"book_close.mp3", "id":"book_close"},

  {"src":"book_open.mp3", "id":"book_open"},
  {"src":"book_turn.mp3", "id":"book_turn"},

  {"src":"box_right.mp3", "id":"box_right"},

  {"src":"box_wrong.mp3", "id":"box_wrong"},

  {"src":"click.mp3", "id":"click"},

  {"src":"hand_down.mp3", "id":"hand_down"},


  {"src":"hand_down2.mp3", "id":"hand_down2"},

  {"src":"hand_up.mp3", "id":"hand_up"},

  {"src":"nextpart.mp3", "id":"nextpart"},

  {"src":"power_gain.mp3", "id":"power_gain"},

  {"src":"power_over.mp3", "id":"power_over"},
  {"src":"select_right.mp3", "id":"select_right"},
  {"src":"select_wrong.mp3", "id":"select_wrong"},

  {"src":"win_jump.mp3", "id":"win_jump"}
]
