[
  {
    "name": "timepoint_png",
    "url": "static/img/timepoint.png"
  },
  {
    "name": "boyskeleton",
    "url": "static/img/choicepage/boyskeleton/boy.json"
  },

  {
    "name": "tablebar2_png",
    "url": "static/img/tablebar2.png"
  },

  {
    "name": "tabletext_atlas",
    "url": "static/themetypeui/tabletext.json"
  },

  {
    "name":"monsterStartPage_json",
    "url":"static/img/startscreen.json"
  },
  {
    "name":"starflash_json",
    "url":"static/img/starflash.json"
  },

  {
    "name": "bookAnime_skeleton",
    "url": "static/img/menus/bookanime/book.json"
  },
  {
    "name": "boxAnime_skeleton",
    "url": "static/img/menus/boxanime/skeleton.json"
  },
  {
    "name": "energyAnime_skeleton",
    "url": "static/img/menus/energyanime/skeleton.json"
  },
  {
    "name": "continue_btn",
    "url": "static/img/menus/energyanime/continue_btn.png"
  },
  {
    "name": "gohome_btn",
    "url": "static/img/menus/energyanime/gohome_btn.png"
  },
  {
    "name": "open_btn",
    "url": "static/img/menus/energyanime/open_btn.png"
  },
  {
    "name": "text1_info",
    "url": "static/img/menus/energyanime/text1.png"
  },
  {
    "name": "text2_info",
    "url": "static/img/menus/energyanime/text2.png"
  },
  {
    "name": "texttable_png",
    "url": "static/img/menus/energyanime/icon-egg.png"
  },
  {
    "name":"table_png",
    "url":"static/themetypeui/table.png"
  },
  {
    "name":"tablebar_png",
    "url":"static/themetypeui/table1.png"
  },

  {
    "name": "congracard_png",
    "url": "static/img/menus/energyanime/congracard.png"
  },

  {
    "name":"menubtnKey_png",
    "url":"static/themetypeui/key.png"
  },
  {
    "name":"menubtnBack_png",
    "url":"static/themetypeui/back.png"
  },

  {
    "name":"menubtnBook_png",
    "url":"static/themetypeui/book.png"
  },

  {
    "name":"menubtnClose_png",
    "url":"static/themetypeui/close.png"
  },

  {
    "name":"menubtnSound_atlas",
    "url":"static/themetypeui/menusTrumpet.json"
  },
  {
    "name":"gamebtnSound_atlas",
    "url":"static/themetypeui/practiceTrumpet.json"
  },
  {
    "name":"menubtnHome_png",
    "url":"static/themetypeui/home.png"
  },

  {
    "name":"menuBtnKeyline_png",
    "url":"static/themetypeui/keyborder.png"
  },
  {
    "name":"menuBtnKeylight_png",
    "url":"static/themetypeui/keylight.png"
  },

  {
    "name":"menuBtn_Energy",
    "url":"static/img/menus/energybar.png"
  },



  {
    "name":"choicebg_jpg",
    "url":"static/themetypeui/choicebg.jpg"
  },

  {
    "name":"bgGround_jpg",
    "url":"static/themetypeui/ground.jpg"
  },

  {
    "name":"indexback1_jpg",
    "url":"static/themetypeui/indexback1.png"
  }


]
