
{
  "assets": [
    {
      "name": "headbtn_png",
      "url": "static/moviemodule/headbtn.png"
    },
    {
      "name": "playbtn_png",
      "url": "static/themetypeui/playbtn.png"
    },
    {
      "name": "pausebtn_png",
      "url": "static/themetypeui/pausebtn.png"
    },
    {
      "name": "goplaybtn_png",
      "url": "static/themetypeui/goplaybtn.png"
    },
    {
      "name":"moviebg",
      "url":"static/themetypeui/videobg.png"
    },
    {
      "name": "mymovie_mp4",
      "url": "static/moviemodule/001.mp4"
    }
  ],
  "gameData": {
    "movie":  "static/moviemodule/001.mp4"
  }
}
