{
  "assets":[


  ],
  "gameData":{
    "pictureList":[
      {
        "picture":"slidepic001.png",
        "audioSrc":"sound001.mp3"
      },
      {
        "picture":"slidepic002.png",
        "audioSrc":"sound002.mp3"
      },
      {
        "picture":"slidepic003.png",
        "audioSrc":"sound003.mp3"
      },
      {
        "picture":"slidepic004.png",
        "audioSrc":"sound004.mp3"
      },
      {
        "picture":"slidepic005.png",
        "audioSrc":"sound005.mp3"
      },
      {
        "picture":"slidepic006.png",
        "audioSrc":"sound006.mp3"
      }

    ]
  }
}
