{

  "version": "0.0.1",
  "list": [
    {

      "id": 0,

      "ext": "png",

      "name": "mybooks",

      "host": "http://localhost:8080",

      "src": "static/bookreadingmodule/mybooks.png"
    },
    {
      "id": 1,

      "ext": "png",

      "name": "leftbtn",

      "host": "http://localhost:8080",

      "src": "static/bookreadingmodule/leftbtn.png"
    },
    {

      "id": 2,

      "ext": "png",

      "name": "rightbtn",

      "host": "http://localhost:8080",

      "src": "static/bookreadingmodule/rightbtn.png"
    },
    {

      "id": 3,

      "ext": "png",

      "name": "page0",

      "host": "http://localhost:8080",

      "src": "static/bookreadingmodule/page0.png"
    },
    {

      "id": 4,

      "ext": "png",

      "name": "pageturn",

      "host": "http://localhost:8080",

      "src": "static/bookreadingmodule/pageturn.png"
    },
    {

      "id": 5,

      "ext": "png",

      "name": "pageturn2",

      "host": "http://localhost:8080",

      "src": "static/bookreadingmodule/pageturn2.png"
    },
    {

      "id": 6,

      "ext": "png",

      "name": "page1",

      "host": "http://localhost:8080",

      "src": "static/bookreadingmodule/page1.png"
    },
    {

      "id": 7,

      "ext": "png",

      "name": "page2",

      "host": "http://localhost:8080",

      "src": "static/bookreadingmodule/page2.png"
    },
    {

      "id": 8,

      "ext": "png",

      "name": "page3",

      "host": "http://localhost:8080",

      "src": "static/bookreadingmodule/page3.png"
    }
  ]
}

