{
  "assets": [
    {
      "name": "timeback_png",
      "url": "static/themetypeui/timeback.png"
    },
    {
      "name": "timekey_png",
      "url": "static/themetypeui/timekey.png"
    },
    {
      "name": "timeline_png",
      "url": "static/themetypeui/timeline.png"
    },
    {
      "name": "cardchoose_select",
      "url": "static/themetypeui/cardchoose_select.png"
    },
    {
      "name": "cardchoose_normal",
      "url": "static/themetypeui/cardchoose_normal.png"
    },
    {
      "name": "cardchoose_doorL",
      "url": "static/themetypeui/cardchoose_doorL.png"
    },
    {
      "name": "cardchoose_doorR",
      "url": "static/themetypeui/cardchoose_doorR.png"
    },
    {
      "name": "boxcard1_1",
      "url": "static/choicepicmodule/1-001.png"
    },
    {
      "name": "boxcard1_2",
      "url": "static/choicepicmodule/1-002.png"
    },
    {
      "name": "boxcard1_3",
      "url": "static/choicepicmodule/1-003.png"
    },
    {
      "name": "boxcard2_1",
      "url": "static/choicepicmodule/2-001.png"
    },
    {
      "name": "boxcard2_2",
      "url": "static/choicepicmodule/2-002.png"
    },
    {
      "name": "boxcard2_3",
      "url": "static/choicepicmodule/2-003.png"
    },
    {
      "name": "boxcard3_1",
      "url": "static/choicepicmodule/3-001.png"
    },
    {
      "name": "boxcard3_2",
      "url": "static/choicepicmodule/3-002.png"
    },
    {
      "name": "boxcard3_3",
      "url": "static/choicepicmodule/3-003.png"
    },
    {
      "name": "boxcard4_1",
      "url": "static/choicepicmodule/4-001.png"
    },
    {
      "name": "boxcard4_2",
      "url": "static/choicepicmodule/4-002.png"
    },
    {
      "name": "boxcard4_3",
      "url": "static/choicepicmodule/4-003.png"
    }
  ],
  "gameData": {
    "levels": [
      {
        "rightAnswer": 1,
        "cardlist": [
          "boxcard1_1",
          "boxcard1_2",
          "boxcard1_3"
        ],
        "audioSrc": "sound001.mp3",
        "content": "When is Teachers' Day？It is inSeptember."
      },
      {
        "rightAnswer": 1,
        "cardlist": [
          "boxcard2_1",
          "boxcard2_2",
          "boxcard2_3"
        ],
        "audioSrc": "sound002.mp3",
        "content": "playing football."
      },
      {
        "rightAnswer": 2,
        "cardlist": [
          "boxcard3_1",
          "boxcard3_2",
          "boxcard3_3"
        ],
        "audioSrc": "sound003.mp3",
        "content": "I have a fish."
      },
      {
        "rightAnswer": 2,
        "cardlist": [
          "boxcard4_1",
          "boxcard4_2",
          "boxcard4_3"
        ],
        "audioSrc": "sound004.mp3",
        "content": "I have a fish."
      }
    ]
  }
}
