{

  "version": "0.0.1",
  "list": [
    {

      "id": 0,

      "ext": "png",

      "name": "1-001",

      "host": "http://localhost:8080",

      "src": "static/choicepicmodule/1-001.png"
    },
    {
      "id": 1,

      "ext": "png",

      "name": "1-002",

      "host": "http://localhost:8080",

      "src": "static/choicepicmodule/1-002.png"
    },
    {

      "id": 2,

      "ext": "png",

      "name": "2-001",

      "host": "http://localhost:8080",

      "src": "static/choicepicmodule/2-001.png"
    },
    {

      "id": 3,

      "ext": "png",

      "name": "2-002",

      "host": "http://localhost:8080",

      "src": "static/choicepicmodule/2-002.png"
    },
    {

      "id": 4,
      "ext": "png",
      "name": "3-002",
      "host": "http://localhost:8080",
      "src": "static/choicepicmodule/3-002.png"
    },
    {

      "id": 5,
      "ext": "png",
      "name": "3-001",
      "host": "http://localhost:8080",
      "src": "static/choicepicmodule/3-001.png"
    }
  ]
}

