{"frames": {

"grammar.png":
{
	"frame": {"x":1070,"y":1,"w":206,"h":40},
	"rotated": false,
	"trimmed": true,
	"spriteSourceSize": {"x":27,"y":9,"w":206,"h":40},
	"sourceSize": {"w":260,"h":60}
},
"ketpet.png":
{
	"frame": {"x":237,"y":1,"w":168,"h":46},
	"rotated": false,
	"trimmed": true,
	"spriteSourceSize": {"x":41,"y":9,"w":168,"h":46},
	"sourceSize": {"w":260,"h":60}
},
"reading.png":
{
	"frame": {"x":639,"y":1,"w":214,"h":45},
	"rotated": false,
	"trimmed": true,
	"spriteSourceSize": {"x":23,"y":7,"w":214,"h":45},
	"sourceSize": {"w":260,"h":60}
},
"sentences.png":
{
	"frame": {"x":855,"y":1,"w":213,"h":40},
	"rotated": false,
	"trimmed": true,
	"spriteSourceSize": {"x":21,"y":8,"w":213,"h":40},
	"sourceSize": {"w":260,"h":60}
},
"song.png":
{
	"frame": {"x":524,"y":1,"w":113,"h":46},
	"rotated": false,
	"trimmed": true,
	"spriteSourceSize": {"x":68,"y":9,"w":113,"h":46},
	"sourceSize": {"w":260,"h":60}
},
"story.png":
{
	"frame": {"x":407,"y":1,"w":115,"h":46},
	"rotated": false,
	"trimmed": true,
	"spriteSourceSize": {"x":68,"y":9,"w":115,"h":46},
	"sourceSize": {"w":260,"h":60}
},
"text.png":
{
	"frame": {"x":1278,"y":1,"w":91,"h":37},
	"rotated": false,
	"trimmed": true,
	"spriteSourceSize": {"x":80,"y":12,"w":91,"h":37},
	"sourceSize": {"w":260,"h":60}
},
"vocabulary.png":
{
	"frame": {"x":1,"y":1,"w":234,"h":46},
	"rotated": false,
	"trimmed": true,
	"spriteSourceSize": {"x":8,"y":5,"w":234,"h":46},
	"sourceSize": {"w":260,"h":60}
}},
"meta": {
	"app": "https://www.codeandweb.com/texturepacker",
	"version": "1.0",
	"image": "tabletext.png",
	"format": "RGBA8888",
	"size": {"w":1370,"h":48},
	"scale": "1",
	"smartupdate": "$TexturePacker:SmartUpdate:62e710babc6ea50604d2c84030e6c74d:062b97cc1b03c75e5b70e20c942796f3:de411124a21d076066e8a3bf2727cdd3$"
}
}
