{"frames": {

"back.png":
{
	"frame": {"x":392,"y":1,"w":120,"h":120},
	"rotated": false,
	"trimmed": false,
	"spriteSourceSize": {"x":0,"y":0,"w":120,"h":120},
	"sourceSize": {"w":120,"h":120}
},
"book.png":
{
	"frame": {"x":514,"y":1,"w":120,"h":120},
	"rotated": false,
	"trimmed": false,
	"spriteSourceSize": {"x":0,"y":0,"w":120,"h":120},
	"sourceSize": {"w":120,"h":120}
},
"close.png":
{
	"frame": {"x":636,"y":1,"w":120,"h":120},
	"rotated": false,
	"trimmed": false,
	"spriteSourceSize": {"x":0,"y":0,"w":120,"h":120},
	"sourceSize": {"w":120,"h":120}
},
"home.png":
{
	"frame": {"x":758,"y":1,"w":120,"h":120},
	"rotated": false,
	"trimmed": false,
	"spriteSourceSize": {"x":0,"y":0,"w":120,"h":120},
	"sourceSize": {"w":120,"h":120}
},
"key.png":
{
	"frame": {"x":880,"y":1,"w":366,"h":96},
	"rotated": false,
	"trimmed": false,
	"spriteSourceSize": {"x":0,"y":0,"w":366,"h":96},
	"sourceSize": {"w":366,"h":96}
},
"keyborder.png":
{
	"frame": {"x":1,"y":1,"w":389,"h":120},
	"rotated": false,
	"trimmed": false,
	"spriteSourceSize": {"x":0,"y":0,"w":389,"h":120},
	"sourceSize": {"w":389,"h":120}
},
"keylight.png":
{
	"frame": {"x":1248,"y":1,"w":70,"h":75},
	"rotated": false,
	"trimmed": true,
	"spriteSourceSize": {"x":283,"y":7,"w":70,"h":75},
	"sourceSize": {"w":366,"h":96}
}},
"meta": {
	"app": "https://www.codeandweb.com/texturepacker",
	"version": "1.0",
	"image": "menusbars_pink.png",
	"format": "RGBA8888",
	"size": {"w":1319,"h":122},
	"scale": "1",
	"smartupdate": "$TexturePacker:SmartUpdate:f92e73af8773340177f3aef7727933d9:83306488b83f0e10075c95f6862800fb:a636987263fa404290bd0dc5014127a7$"
}
}
