{"frames": {

"sound0.png":
{
	"frame": {"x":1,"y":1,"w":120,"h":120},
	"rotated": false,
	"trimmed": false,
	"spriteSourceSize": {"x":0,"y":0,"w":120,"h":120},
	"sourceSize": {"w":120,"h":120}
},
"sound1.png":
{
	"frame": {"x":123,"y":1,"w":120,"h":120},
	"rotated": false,
	"trimmed": false,
	"spriteSourceSize": {"x":0,"y":0,"w":120,"h":120},
	"sourceSize": {"w":120,"h":120}
},
"sound2.png":
{
	"frame": {"x":245,"y":1,"w":120,"h":120},
	"rotated": false,
	"trimmed": false,
	"spriteSourceSize": {"x":0,"y":0,"w":120,"h":120},
	"sourceSize": {"w":120,"h":120}
}},
"meta": {
	"app": "https://www.codeandweb.com/texturepacker",
	"version": "1.0",
	"image": "menusTrumpet.png",
	"format": "RGBA8888",
	"size": {"w":366,"h":122},
	"scale": "1",
	"smartupdate": "$TexturePacker:SmartUpdate:c0895b44c63a9cf7c24852b1c2fce0de:c8d03e42c3e68118d37eaa7512da53ca:46abfc2eb1e1d5c76d20eaae9b643299$"
}
}
