{"frames": {

"gamesound0.png":
{
	"frame": {"x":1,"y":1,"w":162,"h":162},
	"rotated": false,
	"trimmed": false,
	"spriteSourceSize": {"x":0,"y":0,"w":162,"h":162},
	"sourceSize": {"w":162,"h":162}
},
"gamesound1.png":
{
	"frame": {"x":165,"y":1,"w":162,"h":162},
	"rotated": false,
	"trimmed": false,
	"spriteSourceSize": {"x":0,"y":0,"w":162,"h":162},
	"sourceSize": {"w":162,"h":162}
},
"gamesound2.png":
{
	"frame": {"x":329,"y":1,"w":162,"h":162},
	"rotated": false,
	"trimmed": false,
	"spriteSourceSize": {"x":0,"y":0,"w":162,"h":162},
	"sourceSize": {"w":162,"h":162}
}},
"meta": {
	"app": "https://www.codeandweb.com/texturepacker",
	"version": "1.0",
	"image": "practiceTrumpet.png",
	"format": "RGBA8888",
	"size": {"w":492,"h":164},
	"scale": "1",
	"smartupdate": "$TexturePacker:SmartUpdate:b5bf1bdf7d072831489d5b370ff5099c:637581960a8a899bef56c77d9bb08785:88f70dc9dcaa99d30f1d57cd1b4b66a9$"
}
}
