
{
  "assets":[
    {
      "name":"timepoint_png",
      "url":"static/img/timepoint.png"
    },
    {
      "name":"timeback_png",
      "url":"static/themetypeui/timeback.png"
    },

    {
      "name":"timekey_png",
      "url":"static/themetypeui/timekey.png"
    },
    {
      "name":"timeline_png",
      "url":"static/themetypeui/timeline.png"
    },

    {
      "name":"textchoose_normal_png",
      "url":"static/themetypeui/textchoose_normal.png"
    },
    {
      "name":"textchoose_select_png",
      "url":"static/themetypeui/textchoose_select.png"
    },
    {
      "name":"textchoose1_back_png",
      "url":"static/themetypeui/textchoose1_back.png"
    },
    {
      "name":"textchoose1_close1_png",
      "url":"static/themetypeui/textchoose1_close1.png"
    },
    {
      "name":"textchoose1_close2_png",
      "url":"static/themetypeui/textchoose1_close2.png"
    },
    {
      "name":"textchoose2_back_png",
      "url":"static/themetypeui/textchoose2_back.png"
    },
    {
      "name":"textchoose2_close1_png",
      "url":"static/themetypeui/textchoose2_close1.png"
    },
    {
      "name":"textchoose2_close2_png",
      "url":"static/themetypeui/textchoose2_close2.png"
    },

    {
      "name":"cardpicture001",
      "url":"static/choicetextmodule/question001.png"
    },
    {
      "name":"cardpicture002",
      "url":"static/choicetextmodule/question002.png"
    },
    {
      "name":"cardpicture003",
      "url":"static/choicetextmodule/question003.png"
    }

  ],

  "gameData":{

      "levels":[

        {
          "cardpicture":"cardpicture002",
          "rightAnswer":1,
          "cardlist":["A: Last Tuesday","C：Last Monday"],
          "audioSrc":"",
          "content":"When did you go shopping？"
        },
        {
          "cardpicture":"cardpicture002",
          "rightAnswer":1,
          "cardlist":["A: Last Tuesday","C：Last Monday"],
          "audioSrc":"sound002.mp3",
          "content":""
        },
        {
          "cardpicture":"cardpicture003",
          "rightAnswer":1,
          "cardlist":["A: Last Tuesday","C：Last Monday"],
          "audioSrc":"sound003.mp3",
          "content":""
        }
      ]
  }
}
