{

  "version": "0.0.1",
  "list": [
    {

      "id": 0,

      "ext": "png",

      "name": "ans1-01",

      "host": "http://localhost:8080",

      "src": "static/choicetextmodule/ans1-01.png"
    },
    {
      "id": 1,

      "ext": "png",

      "name": "ans1-02",

      "host": "http://localhost:8080",

      "src": "static/choicetextmodule/ans1-02.png"
    },
    {

      "id": 2,

      "ext": "png",

      "name": "ans2-01",

      "host": "http://localhost:8080",

      "src": "static/choicetextmodule/ans2-01.png"
    },
    {

      "id": 3,

      "ext": "png",

      "name": "ans2-02",

      "host": "http://localhost:8080",

      "src": "static/choicetextmodule/ans2-02.png"
    },
    {

      "id": 4,
      "ext": "png",
      "name": "question001",
      "host": "http://localhost:8080",
      "src": "static/choicetextmodule/question001.png"
    },
    {

      "id": 5,
      "ext": "png",
      "name": "question002",
      "host": "http://localhost:8080",
      "src": "static/choicetextmodule/question002.png"
    }
  ]
}

