{
"skeleton": { "hash": "n112UsZupTS7Z5FPHnfAblJ06CY", "spine": "3.6.52", "width": 367.2, "height": 576.8, "images": "./stuffs/" },
"bones": [
	{ "name": "root", "x": 64.92 },
	{ "name": "power", "parent": "root", "x": -64.92, "y": 25.84, "scaleX": 0.8, "scaleY": 0.8 },
	{ "name": "powerback", "parent": "root", "x": -64.92 }
],
"slots": [
	{ "name": "backlight", "bone": "power", "attachment": "backlight" },
	{ "name": "powerback", "bone": "power", "attachment": "powerback" },
	{ "name": "light1", "bone": "power", "attachment": "light1" },
	{ "name": "light10", "bone": "power", "attachment": "light10" },
	{ "name": "light11", "bone": "power", "attachment": "light11" },
	{ "name": "light12", "bone": "power", "attachment": "light12" },
	{ "name": "light2", "bone": "power", "attachment": "light2" },
	{ "name": "light3", "bone": "power", "attachment": "light3" },
	{ "name": "light4", "bone": "power", "attachment": "light4" },
	{ "name": "light5", "bone": "power", "attachment": "light5" },
	{ "name": "light6", "bone": "power", "attachment": "light6" },
	{ "name": "light7", "bone": "power", "attachment": "light7" },
	{ "name": "light8", "bone": "power", "attachment": "light8" },
	{ "name": "light9", "bone": "power", "attachment": "light9" },
	{ "name": "powerbody", "bone": "power", "attachment": "powerbody" },
	{ "name": "powerline1", "bone": "power", "attachment": "powerline1" },
	{ "name": "powerline2", "bone": "power", "attachment": "powerline2" },
	{ "name": "powerline3", "bone": "power", "attachment": "powerline3" },
	{ "name": "powerglass", "bone": "power", "attachment": "powerglass" }
],
"skins": {
	"default": {
		"backlight": {
			"backlight": { "y": 107.15, "width": 459, "height": 721 }
		},
		"light1": {
			"light1": {
				"type": "mesh",
				"uvs": [ 1, 1, 0, 1, 0, 0, 1, 0 ],
				"triangles": [ 1, 2, 3, 1, 3, 0 ],
				"vertices": [ -13.18, 181.51, -44.18, 181.51, -44.18, 212.51, -13.18, 212.51 ],
				"hull": 4,
				"edges": [ 0, 2, 2, 4, 4, 6, 0, 6 ],
				"width": 31,
				"height": 31
			}
		},
		"light10": {
			"light10": {
				"type": "mesh",
				"uvs": [ 1, 1, 0, 1, 0, 0, 1, 0 ],
				"triangles": [ 1, 2, 3, 1, 3, 0 ],
				"vertices": [ 41.71, 239.42, 12.71, 239.42, 12.71, 268.42, 41.71, 268.42 ],
				"hull": 4,
				"edges": [ 0, 2, 2, 4, 4, 6, 0, 6 ],
				"width": 29,
				"height": 29
			}
		},
		"light11": {
			"light11": {
				"type": "mesh",
				"uvs": [ 1, 1, 0, 1, 0, 0, 1, 0 ],
				"triangles": [ 1, 2, 3, 1, 3, 0 ],
				"vertices": [ 69.27, 164.16, 41.27, 164.16, 41.27, 192.16, 69.27, 192.16 ],
				"hull": 4,
				"edges": [ 0, 2, 2, 4, 4, 6, 0, 6 ],
				"width": 28,
				"height": 28
			}
		},
		"light12": {
			"light12": {
				"type": "mesh",
				"uvs": [ 1, 1, 0, 1, 0, 0, 1, 0 ],
				"triangles": [ 1, 2, 3, 1, 3, 0 ],
				"vertices": [ 48.08, 278.55, 20.08, 278.55, 20.08, 306.55, 48.08, 306.55 ],
				"hull": 4,
				"edges": [ 0, 2, 2, 4, 4, 6, 0, 6 ],
				"width": 28,
				"height": 28
			}
		},
		"light2": {
			"light2": {
				"type": "mesh",
				"uvs": [ 1, 1, 0, 1, 0, 0, 1, 0 ],
				"triangles": [ 1, 2, 3, 1, 3, 0 ],
				"vertices": [ 0.64, -52.48, -61.36, -52.48, -61.36, 9.52, 0.64, 9.52 ],
				"hull": 4,
				"edges": [ 0, 2, 2, 4, 4, 6, 0, 6 ],
				"width": 62,
				"height": 62
			}
		},
		"light3": {
			"light3": {
				"type": "mesh",
				"uvs": [ 1, 1, 0, 1, 0, 0, 1, 0 ],
				"triangles": [ 1, 2, 3, 1, 3, 0 ],
				"vertices": [ 58.5, -80.66, 20.5, -80.66, 20.5, -42.66, 58.5, -42.66 ],
				"hull": 4,
				"edges": [ 0, 2, 2, 4, 4, 6, 0, 6 ],
				"width": 38,
				"height": 38
			}
		},
		"light4": {
			"light4": {
				"type": "mesh",
				"uvs": [ 1, 1, 0, 1, 0, 0, 1, 0 ],
				"triangles": [ 1, 2, 3, 1, 3, 0 ],
				"vertices": [ 79.99, -1.26, 7.99, -1.26, 7.99, 71.74, 79.99, 71.74 ],
				"hull": 4,
				"edges": [ 0, 2, 2, 4, 4, 6, 0, 6 ],
				"width": 72,
				"height": 73
			}
		},
		"light5": {
			"light5": {
				"type": "mesh",
				"uvs": [ 1, 1, 0, 1, 0, 0, 1, 0 ],
				"triangles": [ 1, 2, 3, 1, 3, 0 ],
				"vertices": [ 19.15, -88.63, -36.85, -88.63, -36.85, -32.63, 19.15, -32.63 ],
				"hull": 4,
				"edges": [ 0, 2, 2, 4, 4, 6, 0, 6 ],
				"width": 56,
				"height": 56
			}
		},
		"light6": {
			"light6": {
				"type": "mesh",
				"uvs": [ 1, 1, 0, 1, 0, 0, 1, 0 ],
				"triangles": [ 1, 2, 3, 1, 3, 0 ],
				"vertices": [ 60.08, 77.95, 4.08, 77.95, 4.08, 133.95, 60.08, 133.95 ],
				"hull": 4,
				"edges": [ 0, 2, 2, 4, 4, 6, 0, 6 ],
				"width": 56,
				"height": 56
			}
		},
		"light7": {
			"light7": {
				"type": "mesh",
				"uvs": [ 1, 1, 0, 1, 0, 0, 1, 0 ],
				"triangles": [ 1, 2, 3, 1, 3, 0 ],
				"vertices": [ -1.13, 71.26, -73.13, 71.26, -73.13, 144.26, -1.13, 144.26 ],
				"hull": 4,
				"edges": [ 0, 2, 2, 4, 4, 6, 0, 6 ],
				"width": 72,
				"height": 73
			}
		},
		"light8": {
			"light8": {
				"type": "mesh",
				"uvs": [ 1, 1, 0, 1, 0, 0, 1, 0 ],
				"triangles": [ 1, 2, 3, 1, 3, 0 ],
				"vertices": [ -31.31, 294.61, -59.31, 294.61, -59.31, 322.61, -31.31, 322.61 ],
				"hull": 4,
				"edges": [ 0, 2, 2, 4, 4, 6, 0, 6 ],
				"width": 28,
				"height": 28
			}
		},
		"light9": {
			"light9": {
				"type": "mesh",
				"uvs": [ 1, 1, 0, 1, 0, 0, 1, 0 ],
				"triangles": [ 1, 2, 3, 1, 3, 0 ],
				"vertices": [ 11.73, 43.74, -16.27, 43.74, -16.27, 71.74, 11.73, 71.74 ],
				"hull": 4,
				"edges": [ 0, 2, 2, 4, 4, 6, 0, 6 ],
				"width": 28,
				"height": 28
			}
		},
		"powerback": {
			"powerback": {
				"type": "mesh",
				"uvs": [ 1, 1, 0, 1, 0, 0, 1, 0 ],
				"triangles": [ 1, 2, 3, 1, 3, 0 ],
				"vertices": [ 168.5, -173.68, -168.5, -173.68, -168.5, 397.32, 168.5, 397.32 ],
				"hull": 4,
				"edges": [ 0, 2, 2, 4, 4, 6, 0, 6 ],
				"width": 337,
				"height": 571
			}
		},
		"powerbody": {
			"powerbody": {
				"type": "mesh",
				"uvs": [ 1, 1, 0, 1, 0, 0, 1, 0 ],
				"triangles": [ 1, 2, 3, 1, 3, 0 ],
				"vertices": [ 87.5, -134.5, -87.5, -134.5, -87.5, 127.5, 87.5, 127.5 ],
				"hull": 4,
				"edges": [ 0, 2, 2, 4, 4, 6, 0, 6 ],
				"width": 175,
				"height": 262
			}
		},
		"powerglass": {
			"powerglass": {
				"type": "mesh",
				"uvs": [ 1, 1, 0, 1, 0, 0, 1, 0 ],
				"triangles": [ 1, 2, 3, 1, 3, 0 ],
				"vertices": [ 87.5, -134.54, -87.5, -134.54, -87.5, 359.46, 87.5, 359.46 ],
				"hull": 4,
				"edges": [ 0, 2, 2, 4, 4, 6, 0, 6 ],
				"width": 175,
				"height": 494
			}
		},
		"powerline1": {
			"powerline1": {
				"type": "mesh",
				"uvs": [ 0, 0.71093, 0, 1, 1, 1, 0.99999, 0.77569, 1, 0.63839, 0.95669, 0.58184, 0.89901, 0.54751, 0.83309, 0.53337, 0.76658, 0.58992, 0.69301, 0.63839, 0.64181, 0.64445, 0.57883, 0.60809, 0.53083, 0.54145, 0.48433, 0.47076, 0.43195, 0.44047, 0.37133, 0.45259, 0.31188, 0.50509, 0.25126, 0.58386, 0.20064, 0.64647, 0.16415, 0.68484, 0.12354, 0.69494, 0.08116, 0.67474, 0.0382, 0.63233, 0, 0.58184, 0.03786, 0.76666, 0.08154, 0.81854, 0.1241, 0.83776, 0.16666, 0.81469, 0.20474, 0.78395, 0.25402, 0.73014, 0.31506, 0.6555, 0.37442, 0.59791, 0.43322, 0.58085, 0.48474, 0.61328, 0.53122, 0.67309, 0.57976, 0.72479, 0.64248, 0.75367, 0.69455, 0.75007, 0.76735, 0.71554, 0.83399, 0.66779, 0.89895, 0.68707, 0.95663, 0.72189 ],
				"triangles": [ 32, 14, 13, 32, 13, 12, 15, 14, 32, 31, 16, 15, 32, 31, 15, 17, 16, 31, 33, 32, 12, 33, 12, 11, 30, 17, 31, 18, 17, 30, 39, 7, 6, 40, 39, 6, 8, 7, 39, 34, 33, 11, 5, 40, 6, 40, 5, 4, 0, 23, 22, 0, 22, 21, 38, 8, 39, 9, 8, 38, 41, 40, 4, 10, 34, 11, 35, 34, 10, 29, 18, 30, 19, 18, 29, 37, 9, 38, 10, 9, 37, 36, 35, 10, 37, 36, 10, 24, 0, 21, 24, 21, 20, 3, 41, 4, 28, 19, 29, 28, 20, 19, 27, 20, 28, 25, 24, 20, 27, 25, 20, 26, 25, 27, 1, 0, 24, 1, 24, 25, 1, 25, 26, 38, 40, 41, 41, 3, 38, 38, 39, 40, 3, 2, 38, 37, 38, 2, 36, 37, 2, 36, 27, 35, 31, 32, 33, 33, 30, 31, 34, 30, 33, 29, 30, 34, 35, 28, 29, 35, 27, 28, 1, 26, 27, 1, 27, 36, 29, 34, 35, 2, 1, 36 ],
				"vertices": [ -87.5, 142.24, -87.5, 127.5, 87.5, 127.5, 87.5, 138.94, 87.5, 145.94, 79.92, 148.83, 69.83, 150.58, 58.29, 151.3, 46.65, 148.41, 33.78, 145.94, 24.82, 145.63, 13.8, 147.49, 5.4, 150.89, -2.74, 154.49, -11.91, 156.04, -22.52, 155.42, -32.92, 152.74, -43.53, 148.72, -52.39, 145.53, -58.77, 143.57, -65.88, 143.06, -73.3, 144.09, -80.82, 146.25, -87.5, 148.83, -80.87, 139.4, -73.23, 136.75, -65.78, 135.77, -58.33, 136.95, -51.67, 138.52, -43.05, 141.26, -32.36, 145.07, -21.98, 148.01, -11.69, 148.88, -2.67, 147.22, 5.46, 144.17, 13.96, 141.54, 24.93, 140.06, 34.05, 140.25, 46.79, 142.01, 58.45, 144.44, 69.82, 143.46, 79.91, 141.68 ],
				"hull": 24,
				"edges": [ 2, 4, 8, 10, 10, 12, 12, 14, 14, 16, 16, 18, 18, 20, 20, 22, 22, 24, 24, 26, 26, 28, 28, 30, 30, 32, 32, 34, 34, 36, 36, 38, 38, 40, 40, 42, 42, 44, 44, 46, 2, 0, 0, 46, 4, 6, 6, 8 ],
				"width": 175,
				"height": 51
			}
		},
		"powerline2": {
			"powerline2": {
				"type": "mesh",
				"uvs": [ 0, 0.70055, 0, 1, 1, 1, 1, 0.88137, 1, 0.72523, 0.93928, 0.63839, 0.85629, 0.54751, 0.76918, 0.4748, 0.68972, 0.44451, 0.60791, 0.44451, 0.52493, 0.4849, 0.44253, 0.56568, 0.38426, 0.60809, 0.30907, 0.60406, 0.24433, 0.56164, 0.17723, 0.49904, 0.12014, 0.45864, 0.0601, 0.46268, 0, 0.52125, 0.06103, 0.63573, 0.11969, 0.63914, 0.17637, 0.70055, 0.24398, 0.7722, 0.30861, 0.79608, 0.38616, 0.78926, 0.44582, 0.75514, 0.52735, 0.68349, 0.60988, 0.64255, 0.68897, 0.61526, 0.76951, 0.67325, 0.85601, 0.74149, 0.93754, 0.81996 ],
				"triangles": [ 28, 9, 8, 28, 8, 7, 28, 7, 6, 27, 10, 9, 20, 19, 17, 16, 20, 17, 15, 20, 16, 18, 17, 19, 14, 20, 15, 28, 27, 9, 11, 10, 27, 29, 28, 6, 29, 6, 5, 26, 11, 27, 12, 11, 26, 0, 18, 19, 21, 20, 14, 21, 14, 13, 30, 29, 5, 30, 5, 4, 25, 12, 26, 22, 21, 13, 24, 12, 25, 23, 22, 13, 24, 23, 13, 24, 13, 12, 31, 30, 4, 31, 4, 3, 0, 21, 1, 20, 0, 19, 21, 0, 20, 31, 3, 2, 30, 31, 2, 26, 27, 29, 27, 28, 29, 26, 29, 30, 30, 25, 26, 2, 25, 30, 24, 25, 2, 1, 23, 24, 1, 21, 22, 1, 22, 23, 2, 1, 24 ],
				"vertices": [ -87.5, 142.77, -87.5, 127.5, 87.5, 127.5, 87.5, 133.55, 87.5, 141.51, 76.87, 145.94, 62.35, 150.58, 47.11, 154.29, 33.2, 155.83, 18.88, 155.83, 4.36, 153.77, -10.06, 149.65, -20.25, 147.49, -33.41, 147.69, -44.74, 149.86, -56.48, 153.05, -66.48, 155.11, -76.98, 154.9, -87.5, 151.92, -76.82, 146.08, -66.55, 145.9, -56.64, 142.77, -44.8, 139.12, -33.49, 137.9, -19.92, 138.25, -9.48, 139.99, 4.79, 143.64, 19.23, 145.73, 33.07, 147.12, 47.16, 144.16, 62.3, 140.68, 76.57, 136.68 ],
				"hull": 19,
				"edges": [ 2, 4, 8, 10, 10, 12, 12, 14, 14, 16, 16, 18, 18, 20, 20, 22, 22, 24, 24, 26, 26, 28, 28, 30, 30, 32, 32, 34, 34, 36, 2, 0, 0, 36, 4, 6, 6, 8 ],
				"width": 175,
				"height": 51
			}
		},
		"powerline3": {
			"powerline3": {
				"type": "mesh",
				"uvs": [ 1, 0.63688, 1, 1, 0, 1, 0, 0.61217, 0, 0, 1, 0, 0.30888, 0.52159, 0.89688, 0.55865, 0.09408, 0.70688, 0.20928, 0.66159, 0.42168, 0.47217, 0.79968, 0.57512, 0.49368, 0.501, 0.73968, 0.62453, 0.56568, 0.61629, 0.64488, 0.67806 ],
				"triangles": [ 10, 4, 5, 12, 10, 5, 6, 4, 10, 5, 11, 12, 7, 11, 5, 3, 4, 6, 13, 14, 12, 11, 13, 12, 7, 5, 0, 9, 3, 6, 15, 14, 13, 8, 3, 9, 2, 3, 8, 11, 7, 0, 0, 13, 11, 1, 13, 0, 15, 13, 1, 15, 9, 14, 6, 10, 12, 14, 6, 12, 9, 6, 14, 2, 8, 9, 9, 15, 2, 1, 2, 15 ],
				"vertices": [ 87.5, 146.02, 87.5, 127.5, -87.5, 127.5, -87.5, 147.28, -87.5, 178.5, 87.5, 178.5, -33.45, 151.9, 69.45, 150.01, -71.04, 142.45, -50.88, 144.76, -13.71, 154.42, 52.44, 149.17, -1.11, 152.95, 41.94, 146.65, 11.49, 147.07, 25.35, 143.92 ],
				"hull": 6,
				"edges": [ 2, 4, 8, 10, 4, 6, 6, 8, 2, 0, 0, 10 ],
				"width": 175,
				"height": 51
			}
		}
	}
},
"animations": {
	"power": {
		"slots": {
			"backlight": {
				"color": [
					{ "time": 0, "color": "ffffff00", "curve": "stepped" },
					{ "time": 0.3, "color": "ffffff00" },
					{ "time": 0.3333, "color": "ffffffff" },
					{ "time": 1.1667, "color": "ffffff7e" },
					{ "time": 2.1667, "color": "ffffffff" },
					{ "time": 3.1667, "color": "ffffff7e" },
					{ "time": 4.1667, "color": "ffffffff" }
				]
			},
			"light1": {
				"color": [
					{ "time": 0, "color": "ffffff00", "curve": "stepped" },
					{ "time": 0.2667, "color": "ffffff00" },
					{ "time": 0.5, "color": "ffffffff" }
				]
			},
			"light2": {
				"color": [
					{ "time": 0, "color": "ffffff00", "curve": "stepped" },
					{ "time": 0.2667, "color": "ffffff00" },
					{ "time": 0.5, "color": "ffffffff" }
				]
			},
			"light3": {
				"color": [
					{ "time": 0, "color": "ffffff00", "curve": "stepped" },
					{ "time": 0.2667, "color": "ffffff00" },
					{ "time": 0.5, "color": "ffffffff" }
				]
			},
			"light4": {
				"color": [
					{ "time": 0, "color": "ffffff00", "curve": "stepped" },
					{ "time": 0.2667, "color": "ffffff00" },
					{ "time": 0.5, "color": "ffffffff" }
				]
			},
			"light5": {
				"color": [
					{ "time": 0, "color": "ffffff00", "curve": "stepped" },
					{ "time": 0.2667, "color": "ffffff00" },
					{ "time": 0.5, "color": "ffffffff" }
				]
			},
			"light6": {
				"color": [
					{ "time": 0, "color": "ffffff00", "curve": "stepped" },
					{ "time": 0.2667, "color": "ffffff00" },
					{ "time": 0.5, "color": "ffffffff" }
				]
			},
			"light7": {
				"color": [
					{ "time": 0, "color": "ffffff00", "curve": "stepped" },
					{ "time": 0.2667, "color": "ffffff00" },
					{ "time": 0.5, "color": "ffffffff" }
				]
			},
			"light8": {
				"color": [
					{ "time": 0, "color": "ffffff00", "curve": "stepped" },
					{ "time": 0.2667, "color": "ffffff00" },
					{ "time": 0.5, "color": "ffffffff" }
				]
			},
			"light9": {
				"color": [
					{ "time": 0, "color": "ffffff00", "curve": "stepped" },
					{ "time": 0.2667, "color": "ffffff00" },
					{ "time": 0.5, "color": "ffffffff" }
				]
			},
			"light10": {
				"color": [
					{ "time": 0, "color": "ffffff00", "curve": "stepped" },
					{ "time": 0.2667, "color": "ffffff00" },
					{ "time": 0.5, "color": "ffffffff" }
				]
			},
			"light11": {
				"color": [
					{ "time": 0, "color": "ffffff00", "curve": "stepped" },
					{ "time": 0.2667, "color": "ffffff00" },
					{ "time": 0.5, "color": "ffffffff" }
				]
			},
			"light12": {
				"color": [
					{ "time": 0, "color": "ffffff00", "curve": "stepped" },
					{ "time": 0.2667, "color": "ffffff00" },
					{ "time": 0.5, "color": "ffffffff" }
				]
			},
			"powerback": {
				"color": [
					{ "time": 0, "color": "ffffff00" },
					{ "time": 0.2667, "color": "ffffffff" }
				]
			},
			"powerbody": {
				"color": [
					{ "time": 0, "color": "ffffff00" },
					{ "time": 0.3333, "color": "ffffffff" }
				]
			},
			"powerglass": {
				"color": [
					{ "time": 0, "color": "ffffff00" },
					{ "time": 0.3333, "color": "ffffffff" }
				]
			},
			"powerline1": {
				"color": [
					{ "time": 0, "color": "ffffff00" },
					{ "time": 0.3333, "color": "ffffffff", "curve": "stepped" },
					{ "time": 3.4333, "color": "ffffffff" },
					{ "time": 3.4667, "color": "ffffff00" }
				]
			},
			"powerline2": {
				"color": [
					{ "time": 0, "color": "ffffff00" },
					{ "time": 0.3333, "color": "ffffffff", "curve": "stepped" },
					{ "time": 3.4333, "color": "ffffffff" },
					{ "time": 3.4667, "color": "ffffff00" }
				]
			},
			"powerline3": {
				"color": [
					{ "time": 0, "color": "ffffff00" },
					{ "time": 0.3333, "color": "ffffffff", "curve": "stepped" },
					{ "time": 3.4333, "color": "ffffffff" },
					{ "time": 3.4667, "color": "ffffff00" }
				]
			}
		},
		"deform": {
			"default": {
				"light1": {
					"light1": [
						{
							"time": 0.1667,
							"curve": [ 0.25, 0, 0.75, 1 ]
						},
						{
							"time": 1.1667,
							"vertices": [ 7.17599, -0.552, 7.17599, -0.552, 7.17599, -0.552, 7.17599, -0.552 ]
						},
						{
							"time": 2.1667,
							"vertices": [ 8.28001, 0.552, 8.28001, 0.552, 8.28001, 0.552, 8.28001, 0.552 ],
							"curve": [ 0.25, 0, 0.75, 1 ]
						},
						{
							"time": 3.1667,
							"vertices": [ 8.83202, 0.552, 8.83202, 0.552, 8.83202, 0.552, 8.83202, 0.552 ]
						}
					]
				},
				"light2": {
					"light2": [
						{
							"time": 0.1667,
							"curve": [ 0.25, 0, 0.75, 1 ]
						},
						{
							"time": 1.1667,
							"vertices": [ -7.72798, 7.17599, -7.72798, 7.17599, -7.72798, 7.17599, -7.72798, 7.17599 ]
						},
						{
							"time": 2.1667,
							"vertices": [ -3.86398, 7.17599, -3.86398, 7.17599, -3.86398, 7.17599, -3.86398, 7.17599 ],
							"curve": [ 0.25, 0, 0.75, 1 ]
						},
						{
							"time": 3.1667,
							"vertices": [ -2.20798, 7.17599, -2.20798, 7.17599, -2.20798, 7.17599, -2.20798, 7.17599 ]
						}
					]
				},
				"light3": {
					"light3": [
						{
							"time": 0.1667,
							"curve": [ 0.25, 0, 0.75, 1 ]
						},
						{
							"time": 1.1667,
							"vertices": [ -6.62399, 3.312, -6.62399, 3.312, -6.62399, 3.312, -6.62399, 3.312 ]
						},
						{
							"time": 2.1667,
							"vertices": [ -3.31198, 6.07199, -3.31198, 6.07199, -3.31198, 6.07199, -3.31198, 6.07199 ],
							"curve": [ 0.25, 0, 0.75, 1 ]
						},
						{
							"time": 3.1667,
							"vertices": [ -2.75998, 12.69598, -2.75998, 12.69598, -2.75998, 12.69598, -2.75998, 12.69598 ]
						}
					]
				},
				"light4": {
					"light4": [
						{
							"time": 0.1667,
							"curve": [ 0.25, 0, 0.75, 1 ]
						},
						{
							"time": 1.1667,
							"vertices": [ -11.03998, -2.76001, -11.03998, -2.76001, -11.03998, -2.76001, -11.03998, -2.76001 ]
						},
						{
							"time": 2.1667,
							"vertices": [ -14.90398, -3.86401, -14.90398, -3.86401, -14.90398, -3.86401, -14.90398, -3.86401 ],
							"curve": [ 0.25, 0, 0.75, 1 ]
						},
						{
							"time": 3.1667,
							"vertices": [ -19.31998, -3.86401, -19.31998, -3.86401, -19.31998, -3.86401, -19.31998, -3.86401 ]
						}
					]
				},
				"light5": {
					"light5": [
						{
							"time": 0.1667,
							"curve": [ 0.25, 0, 0.75, 1 ]
						},
						{
							"time": 1.1667,
							"vertices": [ -10.48801, -5.51999, -10.48801, -5.51999, -10.48801, -5.51999, -10.48801, -5.51999 ]
						},
						{
							"time": 2.1667,
							"vertices": [ -12.696, -10.48799, -12.696, -10.48799, -12.696, -10.48799, -12.696, -10.48799 ],
							"curve": [ 0.25, 0, 0.75, 1 ]
						},
						{
							"time": 3.1667,
							"vertices": [ -12.14401, -18.76799, -12.14401, -18.76799, -12.14401, -18.76799, -12.14401, -18.76799 ]
						}
					]
				},
				"light6": {
					"light6": [
						{
							"time": 0.1667,
							"curve": [ 0.25, 0, 0.75, 1 ]
						},
						{
							"time": 1.1667,
							"vertices": [ -2.76003, 3.31198, -2.76003, 3.31198, -2.76003, 3.31198, -2.76003, 3.31198 ]
						},
						{
							"time": 2.1667,
							"vertices": [ 1.10398, 6.07199, 1.10398, 6.07199, 1.10398, 6.07199, 1.10398, 6.07199 ],
							"curve": [ 0.25, 0, 0.75, 1 ]
						},
						{
							"time": 3.1667,
							"vertices": [ 4.41599, 0, 4.41599, 0, 4.41599, 0, 4.41599 ]
						}
					]
				},
				"light7": {
					"light7": [
						{
							"time": 0.1667,
							"curve": [ 0.25, 0, 0.75, 1 ]
						},
						{
							"time": 1.1667,
							"vertices": [ 8.28, 7.17599, 8.28, 7.17599, 8.28, 7.17599, 8.28, 7.17599 ]
						},
						{
							"time": 2.1667,
							"vertices": [ 11.03998, 6.62402, 11.03998, 6.62402, 11.03998, 6.62402, 11.03998, 6.62402 ],
							"curve": [ 0.25, 0, 0.75, 1 ]
						},
						{
							"time": 3.1667,
							"vertices": [ 12.14397, 6.62402, 12.14397, 6.62402, 12.14397, 6.62402, 12.14397, 6.62402 ]
						}
					]
				},
				"light8": {
					"light8": [
						{
							"time": 0.1667,
							"curve": [ 0.25, 0, 0.75, 1 ]
						},
						{
							"time": 1.1667,
							"vertices": [ 7.72801, 10.48801, 7.72801, 10.48801, 7.72801, 10.48801, 7.72801, 10.48801 ]
						},
						{
							"time": 2.1667,
							"vertices": [ 10.48804, 1.65598, 10.48804, 1.65598, 10.48804, 1.65598, 10.48804, 1.65598 ],
							"curve": [ 0.25, 0, 0.75, 1 ]
						},
						{
							"time": 3.1667,
							"vertices": [ 13.24803, 2.75998, 13.24803, 2.75998, 13.24803, 2.75998, 13.24803, 2.75998 ]
						}
					]
				},
				"light9": {
					"light9": [
						{
							"time": 0.1667,
							"curve": [ 0.25, 0, 0.75, 1 ]
						},
						{
							"time": 1.1667,
							"vertices": [ -7.72798, 0.552, -7.72798, 0.552, -7.72798, 0.552, -7.72798, 0.552 ]
						},
						{
							"time": 2.1667,
							"vertices": [ -17.112, 2.20801, -17.112, 2.20801, -17.112, 2.20801, -17.112, 2.20801 ],
							"curve": [ 0.25, 0, 0.75, 1 ]
						},
						{
							"time": 3.1667,
							"vertices": [ -21.52798, -1.104, -21.52798, -1.104, -21.52798, -1.104, -21.52798, -1.104 ]
						}
					]
				},
				"light10": {
					"light10": [
						{
							"time": 0.1667,
							"curve": [ 0.25, 0, 0.75, 1 ]
						},
						{
							"time": 1.1667,
							"vertices": [ 8.83203, -6.07202, 8.83203, -6.07202, 8.83203, -6.07202, 8.83203, -6.07202 ]
						},
						{
							"time": 2.1667,
							"vertices": [ 5.52002, -6.07202, 5.52002, -6.07202, 5.52002, -6.07202, 5.52002, -6.07202 ],
							"curve": [ 0.25, 0, 0.75, 1 ]
						},
						{
							"time": 3.1667,
							"offset": 1,
							"vertices": [ -4.96802, 5.0E-5, -4.96802, 5.0E-5, -4.96802, 5.0E-5, -4.96802 ]
						}
					]
				},
				"light11": {
					"light11": [
						{
							"time": 0.1667,
							"curve": [ 0.25, 0, 0.75, 1 ]
						},
						{
							"time": 1.1667,
							"vertices": [ -14.35199, -2.20801, -14.35199, -2.20801, -14.35199, -2.20801, -14.35199, -2.20801 ]
						},
						{
							"time": 2.1667,
							"vertices": [ -18.76799, 0.552, -18.76799, 0.552, -18.76799, 0.552, -18.76799, 0.552 ],
							"curve": [ 0.25, 0, 0.75, 1 ]
						},
						{
							"time": 3.1667,
							"vertices": [ -23.18399, 0, -23.18399, 0, -23.18399, 0, -23.18399 ]
						}
					]
				},
				"light12": {
					"light12": [
						{
							"time": 0.1667,
							"curve": [ 0.25, 0, 0.75, 1 ]
						},
						{
							"time": 1.1667,
							"vertices": [ -11.03999, 0, -11.03999, 0, -11.03999, 0, -11.03999 ]
						},
						{
							"time": 2.1667,
							"vertices": [ -4.416, 1.104, -4.416, 1.104, -4.416, 1.104, -4.416, 1.104 ],
							"curve": [ 0.25, 0, 0.75, 1 ]
						},
						{
							"time": 3.1667,
							"vertices": [ 1.10398, 1.104, 1.10398, 1.104, 1.10398, 1.104, 1.10398, 1.104 ]
						}
					]
				},
				"powerbody": {
					"powerbody": [
						{
							"time": 0,
							"offset": 1,
							"vertices": [ 0.97002, 0, 0.97002, -2.0E-5, -260.7118, -2.0E-5, -260.7118 ],
							"curve": "stepped"
						},
						{
							"time": 0.3333,
							"offset": 1,
							"vertices": [ 0.97002, 0, 0.97002, -2.0E-5, -260.7118, -2.0E-5, -260.7118 ]
						},
						{
							"time": 0.6667,
							"offset": 1,
							"vertices": [ 0.6768, 0, 0.6768, -2.0E-5, -240.52298, -2.0E-5, -240.52298 ]
						},
						{
							"time": 3.3667,
							"offset": 1,
							"vertices": [ 1.32819, 0, 1.32819, 2.0E-5, 203.73045, 2.0E-5, 203.73045 ]
						},
						{
							"time": 3.5,
							"offset": 1,
							"vertices": [ 0.55022, 0, 0.55022, 2.0E-5, 231.50801, 2.0E-5, 231.50801 ]
						}
					]
				},
				"powerline1": {
					"powerline1": [
						{
							"time": 0,
							"offset": 1,
							"vertices": [ -275.5503, -2.0E-5, -260.7118, -2.0E-5, -260.7118, -2.0E-5, -272.30023, -3.0E-5, -279.22955, -3.0E-5, -282.11023, -3.0E-5, -283.8592, -3.0E-5, -284.57935, -3.0E-5, -281.69867, -3.0E-5, -279.22955, -3.0E-5, -278.9209, -3.0E-5, -280.77277, -3.0E-5, -284.1678, -3.0E-5, -287.76862, -3.0E-5, -289.31183, -3.0E-5, -288.69458, -3.0E-5, -286.0197, -3.0E-5, -282.00726, -3.0E-5, -278.818, -3.0E-5, -276.86328, -3.0E-5, -276.34888, -3.0E-5, -277.37762, -3.0E-5, -279.53815, -3.0E-5, -282.11017, -2.0E-5, -272.7539, -2.0E-5, -270.15033, -2.0E-5, -269.18585, -2.0E-5, -270.34326, -2.0E-5, -271.886, -2.0E-5, -274.58606, -2.0E-5, -278.3319, -2.0E-5, -281.2218, -2.0E-5, -282.07782, -2.0E-5, -280.45038, -2.0E-5, -277.44922, -2.0E-5, -274.8545, -2.0E-5, -273.4052, -2.0E-5, -273.58624, -2.0E-5, -275.3191, -2.0E-5, -277.71497, -2.0E-5, -276.74774, -2.0E-5, -275.00018 ],
							"curve": "stepped"
						},
						{
							"time": 0.3333,
							"offset": 1,
							"vertices": [ -275.5503, -2.0E-5, -260.7118, -2.0E-5, -260.7118, -2.0E-5, -272.30023, -3.0E-5, -279.22955, -3.0E-5, -282.11023, -3.0E-5, -283.8592, -3.0E-5, -284.57935, -3.0E-5, -281.69867, -3.0E-5, -279.22955, -3.0E-5, -278.9209, -3.0E-5, -280.77277, -3.0E-5, -284.1678, -3.0E-5, -287.76862, -3.0E-5, -289.31183, -3.0E-5, -288.69458, -3.0E-5, -286.0197, -3.0E-5, -282.00726, -3.0E-5, -278.818, -3.0E-5, -276.86328, -3.0E-5, -276.34888, -3.0E-5, -277.37762, -3.0E-5, -279.53815, -3.0E-5, -282.11017, -2.0E-5, -272.7539, -2.0E-5, -270.15033, -2.0E-5, -269.18585, -2.0E-5, -270.34326, -2.0E-5, -271.886, -2.0E-5, -274.58606, -2.0E-5, -278.3319, -2.0E-5, -281.2218, -2.0E-5, -282.07782, -2.0E-5, -280.45038, -2.0E-5, -277.44922, -2.0E-5, -274.8545, -2.0E-5, -273.4052, -2.0E-5, -273.58624, -2.0E-5, -275.3191, -2.0E-5, -277.71497, -2.0E-5, -276.74774, -2.0E-5, -275.00018 ]
						},
						{
							"time": 0.6667,
							"offset": 1,
							"vertices": [ -240.33582, -2.0E-5, -240.51877, -2.0E-5, -240.51877, -2.0E-5, -240.33582, -2.0E-5, -240.51877, -2.0E-5, -240.51877, -2.0E-5, -240.51877, -2.0E-5, -240.51877, -2.0E-5, -240.51877, -2.0E-5, -240.51877, -2.0E-5, -240.51877, -2.0E-5, -240.51877, -2.0E-5, -240.51877, -2.0E-5, -240.51877, -2.0E-5, -240.51877, -2.0E-5, -240.51877, -2.0E-5, -240.51877, -2.0E-5, -240.51877, -2.0E-5, -240.51877, -2.0E-5, -240.51877, -2.0E-5, -240.51877, -2.0E-5, -240.51877, -2.0E-5, -240.51877, -2.0E-5, -240.51877, -2.0E-5, -240.33582, -2.0E-5, -240.33582, -2.0E-5, -240.33582, -2.0E-5, -240.33582, -2.0E-5, -240.33582, -2.0E-5, -240.33582, -2.0E-5, -240.33582, -2.0E-5, -240.33582, -2.0E-5, -240.33582, -2.0E-5, -240.33582, -2.0E-5, -240.33582, -2.0E-5, -240.33582, -2.0E-5, -240.33582, -2.0E-5, -240.33582, -2.0E-5, -240.33582, -2.0E-5, -240.33582, -2.0E-5, -240.33582, -2.0E-5, -240.33582 ]
						},
						{
							"time": 1,
							"offset": 1,
							"vertices": [ -183.29523, -2.0E-5, -185.66998, -2.0E-5, -185.66998, -2.0E-5, -180.71463, -2.0E-5, -186.22568, -2.0E-5, -188.47888, -2.0E-5, -189.8469, -2.0E-5, -190.41019, -2.0E-5, -188.15698, -2.0E-5, -186.22568, -2.0E-5, -185.98425, -2.0E-5, -187.43274, -2.0E-5, -190.08829, -2.0E-5, -192.90479, -2.0E-5, -194.11188, -2.0E-5, -193.62903, -2.0E-5, -191.53677, -2.0E-5, -188.39838, -2.0E-5, -185.90375, -2.0E-5, -184.37479, -2.0E-5, -183.97244, -2.0E-5, -184.77716, -2.0E-5, -186.46704, -2.0E-5, -188.47885, -2.0E-5, -181.07483, -2.0E-5, -179.00754, -2.0E-5, -178.24173, -2.0E-5, -179.1607, -2.0E-5, -180.38571, -2.0E-5, -182.52957, -2.0E-5, -185.50388, -2.0E-5, -187.7985, -2.0E-5, -188.47818, -2.0E-5, -187.18597, -2.0E-5, -184.80304, -2.0E-5, -182.74277, -2.0E-5, -181.59198, -2.0E-5, -181.73575, -2.0E-5, -183.11163, -2.0E-5, -185.014, -2.0E-5, -184.246, -2.0E-5, -182.85846 ]
						},
						{
							"time": 1.3333,
							"offset": 1,
							"vertices": [ -131.18217, -1.0E-5, -130.84981, -1.0E-5, -130.84981, -1.0E-5, -131.78908, -1.0E-5, -130.71895, -1.0E-5, -130.18904, -1.0E-5, -129.8673, -1.0E-5, -129.73482, -1.0E-5, -130.26472, -1.0E-5, -130.71895, -1.0E-5, -130.77574, -1.0E-5, -130.43507, -1.0E-5, -129.81053, -1.0E-5, -129.14815, -1.0E-5, -128.86424, -1.0E-5, -128.97777, -1.0E-5, -129.46983, -1.0E-5, -130.20796, -1.0E-5, -130.7947, -1.0E-5, -131.15422, -1.0E-5, -131.24886, -1.0E-5, -131.05962, -1.0E-5, -130.66219, -1.0E-5, -130.18904, -1.0E-5, -131.70436, -1.0E-5, -132.1906, -1.0E-5, -132.37068, -1.0E-5, -132.15456, -1.0E-5, -131.86647, -1.0E-5, -131.36226, -1.0E-5, -130.66273, -1.0E-5, -130.12306, -1.0E-5, -129.96324, -1.0E-5, -130.2671, -1.0E-5, -130.82756, -1.0E-5, -131.31209, -1.0E-5, -131.58275, -1.0E-5, -131.54893, -1.0E-5, -131.22533, -1.0E-5, -130.77794, -1.0E-5, -130.95857, -1.0E-5, -131.2849 ]
						},
						{
							"time": 1.6667,
							"offset": 1,
							"vertices": [ -73.64362, -1.0E-5, -76.01838, -1.0E-5, -76.01838, -1.0E-5, -71.06303, -1.0E-5, -76.57407, -1.0E-5, -78.82728, -1.0E-5, -80.19529, -1.0E-5, -80.75858, -1.0E-5, -78.50538, -1.0E-5, -76.57407, -1.0E-5, -76.33265, -1.0E-5, -77.78114, -1.0E-5, -80.43668, -1.0E-5, -83.2532, -1.0E-5, -84.46027, -1.0E-5, -83.97742, -1.0E-5, -81.88519, -1.0E-5, -78.74677, -1.0E-5, -76.25216, -1.0E-5, -74.7232, -1.0E-5, -74.32084, -1.0E-5, -75.12556, -1.0E-5, -76.81545, -1.0E-5, -78.82725, -1.0E-5, -71.42323, -1.0E-5, -69.35595, -1.0E-5, -68.59013, -1.0E-5, -69.5091, -1.0E-5, -70.73412, -1.0E-5, -72.87798, -1.0E-5, -75.85227, -1.0E-5, -78.14689, -1.0E-5, -78.82659, -1.0E-5, -77.53437, -1.0E-5, -75.15144, -1.0E-5, -73.09116, -1.0E-5, -71.94039, -1.0E-5, -72.08416, -1.0E-5, -73.46003, -1.0E-5, -75.3624, -1.0E-5, -74.59441, -1.0E-5, -73.20686 ]
						},
						{
							"time": 2,
							"offset": 1,
							"vertices": [ -21.49635, 0, -21.16397, 0, -21.16397, 0, -22.10326, 0, -21.03312, 0, -20.5032, 0, -20.18147, 0, -20.04898, 0, -20.57889, 0, -21.03312, 0, -21.0899, 0, -20.74924, 0, -20.12469, 0, -19.46231, 0, -19.17842, 0, -19.29195, 0, -19.78401, 0, -20.52213, 0, -21.10885, 0, -21.46838, 0, -21.56303, 0, -21.37379, 0, -20.97635, 0, -20.5032, 0, -22.01854, 0, -22.50475, 0, -22.68485, 0, -22.46872, 0, -22.18063, 0, -21.67643, 0, -20.9769, 0, -20.43724, 0, -20.27741, 0, -20.58128, 0, -21.14172, 0, -21.62626, 0, -21.8969, 0, -21.86311, 0, -21.5395, 0, -21.09209, 0, -21.27274, 0, -21.59905 ]
						},
						{
							"time": 2.3333,
							"offset": 1,
							"vertices": [ 36.08606, 0, 33.7113, 0, 33.7113, 0, 38.66664, 0, 33.15561, 0, 30.9024, 0, 29.53439, 0, 28.9711, 0, 31.2243, 0, 33.15561, 0, 33.39703, 0, 31.94855, 0, 29.293, 0, 26.47647, 0, 25.26941, 0, 25.75226, 0, 27.84448, 0, 30.98291, 0, 33.47751, 0, 35.00648, 0, 35.40884, 0, 34.60413, 0, 32.91422, 0, 30.90244, 0, 38.30646, 0, 40.37373, 0, 41.13954, 0, 40.22058, 0, 38.99556, 0, 36.8517, 0, 33.87741, 0, 31.58279, 0, 30.90308, 0, 32.19531, 0, 34.57825, 0, 36.63852, 0, 37.78929, 0, 37.64552, 0, 36.26965, 0, 34.36728, 0, 35.13527, 0, 36.52283 ]
						},
						{
							"time": 2.6667,
							"offset": 1,
							"vertices": [ 88.20438, 1.0E-5, 88.53676, 1.0E-5, 88.53676, 1.0E-5, 87.59747, 1.0E-5, 88.66761, 1.0E-5, 89.19753, 1.0E-5, 89.51926, 1.0E-5, 89.65175, 1.0E-5, 89.12184, 1.0E-5, 88.66761, 1.0E-5, 88.61083, 1.0E-5, 88.95149, 1.0E-5, 89.57603, 1.0E-5, 90.23842, 1.0E-5, 90.52231, 1.0E-5, 90.40878, 1.0E-5, 89.91672, 1.0E-5, 89.1786, 1.0E-5, 88.59188, 1.0E-5, 88.23235, 1.0E-5, 88.1377, 1.0E-5, 88.32693, 1.0E-5, 88.72438, 1.0E-5, 89.19753, 1.0E-5, 87.68219, 1.0E-5, 87.19598, 1.0E-5, 87.01588, 1.0E-5, 87.23201, 1.0E-5, 87.5201, 1.0E-5, 88.0243, 1.0E-5, 88.72383, 1.0E-5, 89.26349, 1.0E-5, 89.42332, 1.0E-5, 89.11945, 1.0E-5, 88.55901, 1.0E-5, 88.07447, 1.0E-5, 87.80383, 1.0E-5, 87.83762, 1.0E-5, 88.16123, 1.0E-5, 88.60863, 1.0E-5, 88.42799, 1.0E-5, 88.10168 ]
						},
						{
							"time": 3,
							"offset": 1,
							"vertices": [ 145.77945, 1.0E-5, 143.4047, 1.0E-5, 143.4047, 1.0E-5, 148.36002, 1.0E-5, 142.849, 1.0E-5, 140.5958, 1.0E-5, 139.22778, 1.0E-5, 138.66449, 1.0E-5, 140.9177, 1.0E-5, 142.849, 1.0E-5, 143.09042, 1.0E-5, 141.64194, 1.0E-5, 138.98639, 1.0E-5, 136.16986, 1.0E-5, 134.96277, 1.0E-5, 135.44562, 1.0E-5, 137.53787, 1.0E-5, 140.6763, 1.0E-5, 143.1709, 1.0E-5, 144.69986, 1.0E-5, 145.10223, 1.0E-5, 144.29752, 1.0E-5, 142.6076, 1.0E-5, 140.59583, 1.0E-5, 147.99985, 1.0E-5, 150.06711, 1.0E-5, 150.83292, 1.0E-5, 149.91397, 1.0E-5, 148.68893, 1.0E-5, 146.54507, 1.0E-5, 143.5708, 1.0E-5, 141.27618, 1.0E-5, 140.59647, 1.0E-5, 141.8887, 1.0E-5, 144.27164, 1.0E-5, 146.33191, 1.0E-5, 147.48267, 1.0E-5, 147.3389, 1.0E-5, 145.96304, 1.0E-5, 144.06067, 1.0E-5, 144.82864, 1.0E-5, 146.21622 ]
						},
						{
							"time": 3.3667,
							"offset": 1,
							"vertices": [ 203.90501, 2.0E-5, 203.72206, 2.0E-5, 203.72206, 2.0E-5, 203.90501, 2.0E-5, 203.72206, 2.0E-5, 203.72206, 2.0E-5, 203.72206, 2.0E-5, 203.72206, 2.0E-5, 203.72206, 2.0E-5, 203.72206, 2.0E-5, 203.72206, 2.0E-5, 203.72206, 2.0E-5, 203.72206, 2.0E-5, 203.72206, 2.0E-5, 203.72206, 2.0E-5, 203.72206, 2.0E-5, 203.72206, 2.0E-5, 203.72206, 2.0E-5, 203.72206, 2.0E-5, 203.72206, 2.0E-5, 203.72206, 2.0E-5, 203.72206, 2.0E-5, 203.72206, 2.0E-5, 203.72206, 2.0E-5, 203.90501, 2.0E-5, 203.90501, 2.0E-5, 203.90501, 2.0E-5, 203.90501, 2.0E-5, 203.90501, 2.0E-5, 203.90501, 2.0E-5, 203.90501, 2.0E-5, 203.90501, 2.0E-5, 203.90501, 2.0E-5, 203.90501, 2.0E-5, 203.90501, 2.0E-5, 203.90501, 2.0E-5, 203.90501, 2.0E-5, 203.90501, 2.0E-5, 203.90501, 2.0E-5, 203.90501, 2.0E-5, 203.90501, 2.0E-5, 203.90501 ]
						},
						{
							"time": 3.4,
							"offset": 1,
							"vertices": [ 205.63182, 2.0E-5, 210.68515, 2.0E-5, 210.68515, 2.0E-5, 205.63182, 2.0E-5, 203.87555, 2.0E-5, 203.14793, 2.0E-5, 202.70616, 2.0E-5, 202.52426, 2.0E-5, 203.25188, 2.0E-5, 203.87555, 2.0E-5, 203.9535, 2.0E-5, 203.48576, 2.0E-5, 202.6282, 2.0E-5, 201.71867, 2.0E-5, 201.32887, 2.0E-5, 201.48479, 2.0E-5, 202.16043, 2.0E-5, 203.17392, 2.0E-5, 203.9795, 2.0E-5, 204.47325, 2.0E-5, 204.6032, 2.0E-5, 204.34332, 2.0E-5, 203.7976, 2.0E-5, 203.14795, 2.0E-5, 205.63182, 2.0E-5, 205.63182, 2.0E-5, 205.63182, 2.0E-5, 205.63182, 2.0E-5, 205.63182, 2.0E-5, 205.63182, 2.0E-5, 205.63182, 2.0E-5, 205.63182, 2.0E-5, 205.63182, 2.0E-5, 205.63182, 2.0E-5, 205.63182, 2.0E-5, 205.63182, 2.0E-5, 205.63182, 2.0E-5, 205.63182, 2.0E-5, 205.63182, 2.0E-5, 205.63182, 2.0E-5, 205.63182, 2.0E-5, 205.63182 ]
						},
						{
							"time": 3.4333,
							"offset": 1,
							"vertices": [ 207.56802, 2.0E-5, 217.61932, 2.0E-5, 217.61932, 2.0E-5, 209.34476, 2.0E-5, 204.02412, 2.0E-5, 202.56886, 2.0E-5, 201.68532, 2.0E-5, 201.32152, 2.0E-5, 202.77676, 2.0E-5, 204.02412, 2.0E-5, 204.18004, 2.0E-5, 203.24452, 2.0E-5, 201.52942, 2.0E-5, 199.71034, 2.0E-5, 198.93076, 2.0E-5, 199.24258, 2.0E-5, 200.59387, 2.0E-5, 202.62085, 2.0E-5, 204.23204, 2.0E-5, 205.21953, 2.0E-5, 205.4794, 2.0E-5, 204.95967, 2.0E-5, 203.86823, 2.0E-5, 202.5689, 2.0E-5, 209.0968, 2.0E-5, 210.52017, 2.0E-5, 211.04742, 2.0E-5, 210.41467, 2.0E-5, 209.57129, 2.0E-5, 208.09518, 2.0E-5, 206.04733, 2.0E-5, 204.46747, 2.0E-5, 203.99948, 2.0E-5, 204.88916, 2.0E-5, 206.52988, 2.0E-5, 207.94836, 2.0E-5, 208.74072, 2.0E-5, 208.64172, 2.0E-5, 207.69443, 2.0E-5, 206.38458, 2.0E-5, 206.91342, 2.0E-5, 207.86877 ]
						},
						{
							"time": 3.4667,
							"offset": 1,
							"vertices": [ 207.85466, 2.0E-5, 218.73352, 2.0E-5, 218.73352, 2.0E-5, 210.38005, 2.0E-5, 204.17265, 2.0E-5, 201.98978, 2.0E-5, 200.66446, 2.0E-5, 200.11876, 2.0E-5, 202.30162, 2.0E-5, 204.17265, 2.0E-5, 204.40652, 2.0E-5, 203.00327, 2.0E-5, 200.4306, 2.0E-5, 197.702, 2.0E-5, 196.5326, 2.0E-5, 197.00034, 2.0E-5, 199.02728, 2.0E-5, 202.06775, 2.0E-5, 204.48453, 2.0E-5, 205.96576, 2.0E-5, 206.35558, 2.0E-5, 205.57597, 2.0E-5, 203.93881, 2.0E-5, 201.98982, 2.0E-5, 210.0276, 2.0E-5, 212.05064, 2.0E-5, 212.80006, 2.0E-5, 211.90077, 2.0E-5, 210.70195, 2.0E-5, 208.60399, 2.0E-5, 205.69334, 2.0E-5, 203.44783, 2.0E-5, 202.78267, 2.0E-5, 204.04723, 2.0E-5, 206.3792, 2.0E-5, 208.39534, 2.0E-5, 209.52147, 2.0E-5, 209.38075, 2.0E-5, 208.03438, 2.0E-5, 206.17271, 2.0E-5, 206.92427, 2.0E-5, 208.28212 ]
						},
						{
							"time": 3.5,
							"offset": 1,
							"vertices": [ 207.80054, 2.0E-5, 222.24768, 2.0E-5, 222.24768, 2.0E-5, 211.18825, 2.0E-5, 204.3212, 2.0E-5, 201.41068, 2.0E-5, 199.64359, 2.0E-5, 198.91599, 2.0E-5, 201.82648, 2.0E-5, 204.3212, 2.0E-5, 204.63303, 2.0E-5, 202.762, 2.0E-5, 199.33179, 2.0E-5, 195.69363, 2.0E-5, 194.13443, 2.0E-5, 194.75809, 2.0E-5, 197.4607, 2.0E-5, 201.51465, 2.0E-5, 204.73703, 2.0E-5, 206.712, 2.0E-5, 207.23175, 2.0E-5, 206.19229, 2.0E-5, 204.0094, 2.0E-5, 201.41074, 2.0E-5, 210.71541, 2.0E-5, 213.42928, 2.0E-5, 214.43462, 2.0E-5, 213.22821, 2.0E-5, 211.62006, 2.0E-5, 208.80566, 2.0E-5, 204.90111, 2.0E-5, 201.88881, 2.0E-5, 200.99654, 2.0E-5, 202.6929, 2.0E-5, 205.82114, 2.0E-5, 208.52579, 2.0E-5, 210.0365, 2.0E-5, 209.84775, 2.0E-5, 208.04155, 2.0E-5, 205.54417, 2.0E-5, 206.55238, 2.0E-5, 208.37392 ]
						}
					]
				},
				"powerline2": {
					"powerline2": [
						{
							"time": 0,
							"offset": 1,
							"vertices": [ -276.07117, -2.0E-5, -260.7118, -2.0E-5, -260.7118, -2.0E-5, -266.9972, -3.0E-5, -274.80566, -3.0E-5, -279.22955, -3.0E-5, -283.8592, -3.0E-5, -287.56293, -3.0E-5, -289.10608, -3.0E-5, -289.10608, -3.0E-5, -287.04852, -3.0E-5, -282.9333, -3.0E-5, -280.77277, -3.0E-5, -280.97852, -3.0E-5, -283.13904, -3.0E-5, -286.32837, -3.0E-5, -288.38593, -3.0E-5, -288.18018, -3.0E-5, -285.19666, -2.0E-5, -279.32416, -2.0E-5, -279.15295, -2.0E-5, -276.07117, -2.0E-5, -272.4759, -2.0E-5, -271.27734, -2.0E-5, -271.61975, -2.0E-5, -273.3318, -2.0E-5, -276.92725, -2.0E-5, -278.98175, -2.0E-5, -280.35144, -2.0E-5, -277.44086, -2.0E-5, -274.01666, -2.0E-5, -270.07892 ],
							"curve": "stepped"
						},
						{
							"time": 0.3333,
							"offset": 1,
							"vertices": [ -276.07117, -2.0E-5, -260.7118, -2.0E-5, -260.7118, -2.0E-5, -266.9972, -3.0E-5, -274.80566, -3.0E-5, -279.22955, -3.0E-5, -283.8592, -3.0E-5, -287.56293, -3.0E-5, -289.10608, -3.0E-5, -289.10608, -3.0E-5, -287.04852, -3.0E-5, -282.9333, -3.0E-5, -280.77277, -3.0E-5, -280.97852, -3.0E-5, -283.13904, -3.0E-5, -286.32837, -3.0E-5, -288.38593, -3.0E-5, -288.18018, -3.0E-5, -285.19666, -2.0E-5, -279.32416, -2.0E-5, -279.15295, -2.0E-5, -276.07117, -2.0E-5, -272.4759, -2.0E-5, -271.27734, -2.0E-5, -271.61975, -2.0E-5, -273.3318, -2.0E-5, -276.92725, -2.0E-5, -278.98175, -2.0E-5, -280.35144, -2.0E-5, -277.44086, -2.0E-5, -274.01666, -2.0E-5, -270.07892 ]
						},
						{
							"time": 0.6667,
							"offset": 1,
							"vertices": [ -240.33582, -2.0E-5, -240.51877, -2.0E-5, -240.51877, -2.0E-5, -240.33582, -2.0E-5, -240.51877, -2.0E-5, -240.51877, -2.0E-5, -240.51877, -2.0E-5, -240.51877, -2.0E-5, -240.51877, -2.0E-5, -240.51877, -2.0E-5, -240.51877, -2.0E-5, -240.51877, -2.0E-5, -240.51877, -2.0E-5, -240.51877, -2.0E-5, -240.51877, -2.0E-5, -240.51877, -2.0E-5, -240.51877, -2.0E-5, -240.51877, -2.0E-5, -240.51877, -2.0E-5, -240.33582, -2.0E-5, -240.33582, -2.0E-5, -240.33582, -2.0E-5, -240.33582, -2.0E-5, -240.33582, -2.0E-5, -240.33582, -2.0E-5, -240.33582, -2.0E-5, -240.33582, -2.0E-5, -240.33582, -2.0E-5, -240.33582, -2.0E-5, -240.33582, -2.0E-5, -240.33582, -2.0E-5, -240.33582 ]
						},
						{
							"time": 1,
							"offset": 1,
							"vertices": [ -183.07602, -2.0E-5, -185.66998, -2.0E-5, -185.66998, -2.0E-5, -174.93655, -2.0E-5, -181.98648, -2.0E-5, -185.8956, -2.0E-5, -189.98651, -2.0E-5, -193.25925, -2.0E-5, -194.6229, -2.0E-5, -194.6229, -2.0E-5, -192.80469, -2.0E-5, -189.1683, -2.0E-5, -187.25922, -2.0E-5, -187.44104, -2.0E-5, -189.35016, -2.0E-5, -192.16833, -2.0E-5, -193.98654, -2.0E-5, -193.80472, -2.0E-5, -191.16833, -2.0E-5, -185.99396, -2.0E-5, -185.8404, -2.0E-5, -183.07602, -2.0E-5, -179.85098, -2.0E-5, -178.77594, -2.0E-5, -179.08307, -2.0E-5, -180.61874, -2.0E-5, -183.8439, -2.0E-5, -185.6868, -2.0E-5, -186.91544, -2.0E-5, -184.30463, -2.0E-5, -181.23312, -2.0E-5, -177.7009 ]
						},
						{
							"time": 1.3333,
							"offset": 1,
							"vertices": [ -131.04112, -1.0E-5, -130.84981, -1.0E-5, -130.84981, -1.0E-5, -132.30424, -1.0E-5, -131.4215, -1.0E-5, -130.81487, -1.0E-5, -130.18001, -1.0E-5, -129.67213, -1.0E-5, -129.46053, -1.0E-5, -129.46053, -1.0E-5, -129.74266, -1.0E-5, -130.30696, -1.0E-5, -130.60329, -1.0E-5, -130.57506, -1.0E-5, -130.2788, -1.0E-5, -129.84145, -1.0E-5, -129.55928, -1.0E-5, -129.58748, -1.0E-5, -129.99663, -1.0E-5, -130.58827, -1.0E-5, -130.6121, -1.0E-5, -131.04112, -1.0E-5, -131.54158, -1.0E-5, -131.70842, -1.0E-5, -131.66075, -1.0E-5, -131.42244, -1.0E-5, -130.92192, -1.0E-5, -130.63591, -1.0E-5, -130.4453, -1.0E-5, -130.85042, -1.0E-5, -131.32707, -1.0E-5, -131.87526 ]
						},
						{
							"time": 1.6667,
							"offset": 1,
							"vertices": [ -73.42443, -1.0E-5, -76.01838, -1.0E-5, -76.01838, -1.0E-5, -65.28494, -1.0E-5, -72.33489, -1.0E-5, -76.244, -1.0E-5, -80.33492, -1.0E-5, -83.60764, -1.0E-5, -84.97128, -1.0E-5, -84.97128, -1.0E-5, -83.15311, -1.0E-5, -79.51672, -1.0E-5, -77.60763, -1.0E-5, -77.78945, -1.0E-5, -79.69855, -1.0E-5, -82.51675, -1.0E-5, -84.33493, -1.0E-5, -84.15311, -1.0E-5, -81.51675, -1.0E-5, -76.34237, -1.0E-5, -76.18879, -1.0E-5, -73.42443, -1.0E-5, -70.19938, -1.0E-5, -69.12434, -1.0E-5, -69.43147, -1.0E-5, -70.96714, -1.0E-5, -74.1923, -1.0E-5, -76.03519, -1.0E-5, -77.26383, -1.0E-5, -74.65304, -1.0E-5, -71.58152, -1.0E-5, -68.0493 ]
						},
						{
							"time": 2,
							"offset": 1,
							"vertices": [ -21.35529, 0, -21.16397, 0, -21.16397, 0, -22.6184, 0, -21.73567, 0, -21.12904, 0, -20.49419, 0, -19.9863, 0, -19.77469, 0, -19.77469, 0, -20.05684, 0, -20.62114, 0, -20.91745, 0, -20.88921, 0, -20.59295, 0, -20.15562, 0, -19.87346, 0, -19.90166, 0, -20.31081, 0, -20.90243, 0, -20.92627, 0, -21.35529, 0, -21.85576, 0, -22.02258, 0, -21.97491, 0, -21.7366, 0, -21.23609, 0, -20.95009, 0, -20.75946, 0, -21.16457, 0, -21.64125, 0, -22.18941 ]
						},
						{
							"time": 2.3333,
							"offset": 1,
							"vertices": [ 36.30525, 0, 33.7113, 0, 33.7113, 0, 44.44473, 0, 37.39479, 0, 33.48569, 0, 29.39474, 0, 26.12204, 0, 24.75839, 0, 24.75839, 0, 26.57657, 0, 30.21295, 0, 32.12204, 0, 31.94022, 0, 30.03113, 0, 27.21292, 0, 25.39474, 0, 25.57657, 0, 28.21292, 0, 33.3873, 0, 33.54089, 0, 36.30525, 0, 39.5303, 0, 40.60533, 0, 40.29822, 0, 38.76254, 0, 35.53738, 0, 33.69449, 0, 32.46585, 0, 35.07664, 0, 38.14816, 0, 41.68037 ]
						},
						{
							"time": 2.6667,
							"offset": 1,
							"vertices": [ 88.34544, 1.0E-5, 88.53676, 1.0E-5, 88.53676, 1.0E-5, 87.08233, 1.0E-5, 87.96506, 1.0E-5, 88.57169, 1.0E-5, 89.20654, 1.0E-5, 89.71443, 1.0E-5, 89.92604, 1.0E-5, 89.92604, 1.0E-5, 89.64389, 1.0E-5, 89.07959, 1.0E-5, 88.78328, 1.0E-5, 88.81152, 1.0E-5, 89.10778, 1.0E-5, 89.5451, 1.0E-5, 89.82727, 1.0E-5, 89.79907, 1.0E-5, 89.38992, 1.0E-5, 88.7983, 1.0E-5, 88.77446, 1.0E-5, 88.34544, 1.0E-5, 87.84497, 1.0E-5, 87.67815, 1.0E-5, 87.72581, 1.0E-5, 87.96413, 1.0E-5, 88.46464, 1.0E-5, 88.75064, 1.0E-5, 88.94127, 1.0E-5, 88.53616, 1.0E-5, 88.05948, 1.0E-5, 87.51131 ]
						},
						{
							"time": 3,
							"offset": 1,
							"vertices": [ 145.99863, 1.0E-5, 143.4047, 1.0E-5, 143.4047, 1.0E-5, 154.13812, 1.0E-5, 147.08817, 1.0E-5, 143.17908, 1.0E-5, 139.08813, 1.0E-5, 135.8154, 1.0E-5, 134.45175, 1.0E-5, 134.45175, 1.0E-5, 136.26996, 1.0E-5, 139.90634, 1.0E-5, 141.81543, 1.0E-5, 141.6336, 1.0E-5, 139.72452, 1.0E-5, 136.90631, 1.0E-5, 135.0881, 1.0E-5, 135.26993, 1.0E-5, 137.90631, 1.0E-5, 143.08069, 1.0E-5, 143.23428, 1.0E-5, 145.99863, 1.0E-5, 149.2237, 1.0E-5, 150.2987, 1.0E-5, 149.99161, 1.0E-5, 148.45593, 1.0E-5, 145.23077, 1.0E-5, 143.38788, 1.0E-5, 142.15924, 1.0E-5, 144.77002, 1.0E-5, 147.84155, 1.0E-5, 151.37375 ]
						},
						{
							"time": 3.3667,
							"offset": 1,
							"vertices": [ 203.90501, 2.0E-5, 203.72206, 2.0E-5, 203.72206, 2.0E-5, 203.90501, 2.0E-5, 203.72206, 2.0E-5, 203.72206, 2.0E-5, 203.72206, 2.0E-5, 203.72206, 2.0E-5, 203.72206, 2.0E-5, 203.72206, 2.0E-5, 203.72206, 2.0E-5, 203.72206, 2.0E-5, 203.72206, 2.0E-5, 203.72206, 2.0E-5, 203.72206, 2.0E-5, 203.72206, 2.0E-5, 203.72206, 2.0E-5, 203.72206, 2.0E-5, 203.72206, 2.0E-5, 203.90501, 2.0E-5, 203.90501, 2.0E-5, 203.90501, 2.0E-5, 203.90501, 2.0E-5, 203.90501, 2.0E-5, 203.90501, 2.0E-5, 203.90501, 2.0E-5, 203.90501, 2.0E-5, 203.90501, 2.0E-5, 203.90501, 2.0E-5, 203.90501, 2.0E-5, 203.90501, 2.0E-5, 203.90501 ]
						},
						{
							"time": 3.4,
							"offset": 1,
							"vertices": [ 205.63182, 2.0E-5, 210.68515, 2.0E-5, 210.68515, 2.0E-5, 205.63182, 2.0E-5, 204.99298, 2.0E-5, 203.87555, 2.0E-5, 202.70616, 2.0E-5, 201.77065, 2.0E-5, 201.38083, 2.0E-5, 201.38083, 2.0E-5, 201.90057, 2.0E-5, 202.94005, 2.0E-5, 203.48576, 2.0E-5, 203.43378, 2.0E-5, 202.88806, 2.0E-5, 202.08247, 2.0E-5, 201.56274, 2.0E-5, 201.61472, 2.0E-5, 202.36833, 2.0E-5, 205.63182, 2.0E-5, 205.63182, 2.0E-5, 205.63182, 2.0E-5, 205.63182, 2.0E-5, 205.63182, 2.0E-5, 205.63182, 2.0E-5, 205.63182, 2.0E-5, 205.63182, 2.0E-5, 205.63182, 2.0E-5, 205.63182, 2.0E-5, 205.63182, 2.0E-5, 205.63182, 2.0E-5, 205.63182 ]
						},
						{
							"time": 3.4333,
							"offset": 1,
							"vertices": [ 207.28323, 2.0E-5, 217.61932, 2.0E-5, 217.61932, 2.0E-5, 212.24396, 2.0E-5, 206.25899, 2.0E-5, 204.02412, 2.0E-5, 201.68532, 2.0E-5, 199.81429, 2.0E-5, 199.03467, 2.0E-5, 199.03467, 2.0E-5, 200.07414, 2.0E-5, 202.15309, 2.0E-5, 203.24452, 2.0E-5, 203.14056, 2.0E-5, 202.04913, 2.0E-5, 200.43794, 2.0E-5, 199.3985, 2.0E-5, 199.50243, 2.0E-5, 201.00966, 2.0E-5, 205.50482, 2.0E-5, 205.59848, 2.0E-5, 207.28323, 2.0E-5, 209.24878, 2.0E-5, 209.90402, 2.0E-5, 209.7168, 2.0E-5, 208.78088, 2.0E-5, 206.81525, 2.0E-5, 205.69208, 2.0E-5, 204.94327, 2.0E-5, 206.53445, 2.0E-5, 208.40643, 2.0E-5, 210.55917 ]
						},
						{
							"time": 3.4667,
							"offset": 1,
							"vertices": [ 207.4499, 2.0E-5, 218.73352, 2.0E-5, 218.73352, 2.0E-5, 214.50075, 2.0E-5, 207.52495, 2.0E-5, 204.17265, 2.0E-5, 200.66446, 2.0E-5, 197.85791, 2.0E-5, 196.68848, 2.0E-5, 196.68848, 2.0E-5, 198.2477, 2.0E-5, 201.36612, 2.0E-5, 203.00327, 2.0E-5, 202.84732, 2.0E-5, 201.21017, 2.0E-5, 198.7934, 2.0E-5, 197.2342, 2.0E-5, 197.39012, 2.0E-5, 199.65097, 2.0E-5, 204.92232, 2.0E-5, 205.05537, 2.0E-5, 207.4499, 2.0E-5, 210.24364, 2.0E-5, 211.17485, 2.0E-5, 210.90883, 2.0E-5, 209.57857, 2.0E-5, 206.78477, 2.0E-5, 205.1884, 2.0E-5, 204.12413, 2.0E-5, 206.38567, 2.0E-5, 209.04634, 2.0E-5, 212.1061 ]
						},
						{
							"time": 3.5,
							"offset": 1,
							"vertices": [ 207.25758, 2.0E-5, 222.24768, 2.0E-5, 222.24768, 2.0E-5, 216.716, 2.0E-5, 208.79092, 2.0E-5, 204.3212, 2.0E-5, 199.64359, 2.0E-5, 195.90152, 2.0E-5, 194.34229, 2.0E-5, 194.34229, 2.0E-5, 196.42123, 2.0E-5, 200.57913, 2.0E-5, 202.762, 2.0E-5, 202.55408, 2.0E-5, 200.37122, 2.0E-5, 197.14883, 2.0E-5, 195.06992, 2.0E-5, 195.2778, 2.0E-5, 198.29227, 2.0E-5, 203.8668, 2.0E-5, 204.04527, 2.0E-5, 207.25758, 2.0E-5, 211.00523, 2.0E-5, 212.25446, 2.0E-5, 211.89757, 2.0E-5, 210.11305, 2.0E-5, 206.36528, 2.0E-5, 204.22375, 2.0E-5, 202.79605, 2.0E-5, 205.82988, 2.0E-5, 209.39911, 2.0E-5, 213.50371 ]
						}
					]
				},
				"powerline3": {
					"powerline3": [
						{
							"time": 0,
							"offset": 1,
							"vertices": [ -279.30634, -2.0E-5, -260.7118, -2.0E-5, -260.7118, -3.0E-5, -280.56488, -3.0E-5, -311.74957, -3.0E-5, -311.74957, -3.0E-5, -285.17957, -3.0E-5, -283.29175, -3.0E-5, -275.74048, -3.0E-5, -278.0478, -3.0E-5, -287.69666, -3.0E-5, -282.4527, -3.0E-5, -286.22833, -3.0E-5, -279.9356, -3.0E-5, -280.3551, -3.0E-5, -277.2088 ],
							"curve": "stepped"
						},
						{
							"time": 0.3333,
							"offset": 1,
							"vertices": [ -279.30634, -2.0E-5, -260.7118, -2.0E-5, -260.7118, -3.0E-5, -280.56488, -3.0E-5, -311.74957, -3.0E-5, -311.74957, -3.0E-5, -285.17957, -3.0E-5, -283.29175, -3.0E-5, -275.74048, -3.0E-5, -278.0478, -3.0E-5, -287.69666, -3.0E-5, -282.4527, -3.0E-5, -286.22833, -3.0E-5, -279.9356, -3.0E-5, -280.3551, -3.0E-5, -277.2088 ]
						},
						{
							"time": 0.6667,
							"offset": 1,
							"vertices": [ -240.51877, -2.0E-5, -240.51877, -2.0E-5, -240.51877, -2.0E-5, -240.51877, -2.0E-5, -240.51877, -2.0E-5, -240.51877, -2.0E-5, -240.51877, -2.0E-5, -240.51877, -2.0E-5, -240.51877, -2.0E-5, -240.51877, -2.0E-5, -240.51877, -2.0E-5, -240.51877, -2.0E-5, -240.51877, -2.0E-5, -240.51877, -2.0E-5, -240.51877, -2.0E-5, -240.51877 ]
						},
						{
							"time": 1,
							"offset": 1,
							"vertices": [ -185.61783, -2.0E-5, -185.66876, -2.0E-5, -185.66876, -2.0E-5, -186.74149, -2.0E-5, -185.66876, -2.0E-5, -185.66876, -2.0E-5, -190.86157, -2.0E-5, -189.17609, -2.0E-5, -182.43414, -2.0E-5, -184.49417, -2.0E-5, -193.10886, -2.0E-5, -188.427, -2.0E-5, -191.79794, -2.0E-5, -186.17966, -2.0E-5, -186.5542, -1.0E-5, -183.74509 ]
						},
						{
							"time": 1.3333,
							"offset": 1,
							"vertices": [ -132.15886, -1.0E-5, -130.84737, -1.0E-5, -130.84737, -1.0E-5, -131.9705, -1.0E-5, -130.84737, -1.0E-5, -130.84737, -1.0E-5, -131.27983, 0, -131.56236, -1.0E-5, -132.69249, -1.0E-5, -132.34721, -1.0E-5, -130.90312, -1.0E-5, -131.68794, -1.0E-5, -131.12288, -1.0E-5, -132.06468, -1.0E-5, -132.0019, -1.0E-5, -132.4728 ]
						},
						{
							"time": 1.6667,
							"offset": 1,
							"vertices": [ -75.96624, -1.0E-5, -76.01717, -1.0E-5, -76.01717, -1.0E-5, -77.0899, -1.0E-5, -76.01717, -1.0E-5, -76.01717, -1.0E-5, -81.20996, -1.0E-5, -79.5245, -1.0E-5, -72.78254, -1.0E-5, -74.84258, -1.0E-5, -83.45728, -1.0E-5, -78.7754, -1.0E-5, -82.14633, -1.0E-5, -76.52807, -1.0E-5, -76.90261, 0, -74.09348 ]
						},
						{
							"time": 2,
							"offset": 1,
							"vertices": [ -22.47301, 0, -21.16154, 0, -21.16154, 0, -22.28466, 0, -21.16154, 0, -21.16154, 0, -21.59399, 1.0E-5, -21.87654, 0, -23.00667, 0, -22.66137, 0, -21.21729, 0, -22.00212, 0, -21.43706, 0, -22.37884, 0, -22.31606, 0, -22.78696 ]
						},
						{
							"time": 2.3333,
							"offset": 1,
							"vertices": [ 33.76343, 0, 33.71249, 0, 33.71249, 0, 32.63977, 0, 33.71249, 0, 33.71249, 0, 28.51971, 0, 30.20517, 0, 36.94714, 0, 34.8871, 0, 26.2724, 0, 30.95428, 0, 27.58334, 0, 33.2016, 0, 32.82706, 0, 35.6362 ]
						},
						{
							"time": 2.6667,
							"offset": 1,
							"vertices": [ 87.22771, 1.0E-5, 88.53918, 1.0E-5, 88.53918, 1.0E-5, 87.41607, 1.0E-5, 88.53918, 1.0E-5, 88.53918, 1.0E-5, 88.10674, 2.0E-5, 87.82419, 1.0E-5, 86.69406, 1.0E-5, 87.03936, 1.0E-5, 88.48344, 1.0E-5, 87.69861, 1.0E-5, 88.26367, 1.0E-5, 87.32189, 1.0E-5, 87.38467, 1.0E-5, 86.91377 ]
						},
						{
							"time": 3,
							"offset": 1,
							"vertices": [ 143.45682, 1.0E-5, 143.40588, 1.0E-5, 143.40588, 1.0E-5, 142.33316, 1.0E-5, 143.40588, 1.0E-5, 143.40588, 1.0E-5, 138.2131, 1.0E-5, 139.89856, 1.0E-5, 146.64053, 1.0E-5, 144.58047, 1.0E-5, 135.96579, 1.0E-5, 140.64767, 1.0E-5, 137.2767, 1.0E-5, 142.89499, 1.0E-5, 142.52045, 1.0E-5, 145.32959 ]
						},
						{
							"time": 3.3667,
							"offset": 1,
							"vertices": [ 203.72705, 2.0E-5, 203.72705, 2.0E-5, 203.72705, 2.0E-5, 203.72705, 2.0E-5, 203.72705, 2.0E-5, 203.72705, 2.0E-5, 203.72705, 2.0E-5, 203.72705, 2.0E-5, 203.72705, 2.0E-5, 203.72705, 2.0E-5, 203.72705, 2.0E-5, 203.72705, 2.0E-5, 203.72705, 2.0E-5, 203.72705, 2.0E-5, 203.72705, 2.0E-5, 203.72705 ]
						},
						{
							"time": 3.4,
							"offset": 1,
							"vertices": [ 203.85619, 2.0E-5, 210.68518, 2.0E-5, 210.68518, 2.0E-5, 203.5383, 2.0E-5, 195.66129, 2.0E-5, 195.66129, 2.0E-5, 202.37268, 2.0E-5, 202.84952, 2.0E-5, 204.7569, 2.0E-5, 204.17409, 2.0E-5, 201.73688, 2.0E-5, 203.06146, 2.0E-5, 202.10776, 2.0E-5, 203.69725, 2.0E-5, 203.5913, 2.0E-5, 204.38602 ]
						},
						{
							"time": 3.4333,
							"offset": 1,
							"vertices": [ 203.98534, 2.0E-5, 217.61932, 2.0E-5, 217.61932, 2.0E-5, 203.34953, 2.0E-5, 187.59552, 2.0E-5, 187.59552, 2.0E-5, 201.0183, 2.0E-5, 201.97198, 2.0E-5, 205.78676, 2.0E-5, 204.62114, 2.0E-5, 199.7467, 2.0E-5, 202.39586, 2.0E-5, 200.48846, 2.0E-5, 203.66745, 2.0E-5, 203.45552, 2.0E-5, 205.045 ]
						},
						{
							"time": 3.4667,
							"offset": 1,
							"vertices": [ 204.11447, 2.0E-5, 218.73352, 2.0E-5, 218.73352, 2.0E-5, 203.16078, 2.0E-5, 179.52975, 2.0E-5, 179.52975, 2.0E-5, 199.66393, 2.0E-5, 201.09445, 2.0E-5, 206.8166, 2.0E-5, 205.06818, 2.0E-5, 197.75653, 2.0E-5, 201.73027, 2.0E-5, 198.86917, 2.0E-5, 203.63765, 2.0E-5, 203.31976, 2.0E-5, 205.70396 ]
						},
						{
							"time": 3.5,
							"offset": 1,
							"vertices": [ 204.24362, 2.0E-5, 222.24768, 2.0E-5, 222.24768, 2.0E-5, 202.97202, 2.0E-5, 171.46396, 2.0E-5, 171.46396, 2.0E-5, 198.30954, 2.0E-5, 200.21692, 2.0E-5, 207.84647, 2.0E-5, 205.51523, 2.0E-5, 195.76636, 2.0E-5, 201.06467, 2.0E-5, 197.24988, 2.0E-5, 203.60785, 2.0E-5, 203.18399, 2.0E-5, 206.36295 ]
						}
					]
				}
			}
		}
	}
}
}