{"frames": {

"pageturn0001.png":
{
	"frame": {"x":147,"y":285,"w":3,"h":3},
	"rotated": false,
	"trimmed": true,
	"spriteSourceSize": {"x":0,"y":0,"w":3,"h":3},
	"sourceSize": {"w":322,"h":282}
},
"pageturn0002.png":
{
	"frame": {"x":1,"y":285,"w":144,"h":114},
	"rotated": false,
	"trimmed": true,
	"spriteSourceSize": {"x":178,"y":162,"w":144,"h":114},
	"sourceSize": {"w":322,"h":282}
},
"pageturn0003.png":
{
	"frame": {"x":1,"y":1,"w":322,"h":282},
	"rotated": false,
	"trimmed": false,
	"spriteSourceSize": {"x":0,"y":0,"w":322,"h":282},
	"sourceSize": {"w":322,"h":282}
},
"pageturn0004.png":
{
	"frame": {"x":1,"y":285,"w":144,"h":114},
	"rotated": false,
	"trimmed": true,
	"spriteSourceSize": {"x":178,"y":162,"w":144,"h":114},
	"sourceSize": {"w":322,"h":282}
},
"pageturn0005.png":
{
	"frame": {"x":147,"y":285,"w":3,"h":3},
	"rotated": false,
	"trimmed": true,
	"spriteSourceSize": {"x":0,"y":0,"w":3,"h":3},
	"sourceSize": {"w":322,"h":282}
}},
"meta": {
	"app": "https://www.codeandweb.com/texturepacker",
	"version": "1.0",
	"image": "pageturns.png",
	"format": "RGBA8888",
	"size": {"w":324,"h":400},
	"scale": "1",
	"smartupdate": "$TexturePacker:SmartUpdate:e62f43e59e49bb81d83139b0fe2b65b8:8749518007a22e320d282970c5d6739b:fd8c1205c0c9922211f7e4eff30eb506$"
}
}
